Month,GMT,Roadside,Background
01/07/2010,00:00,34.8,24.7
01/07/2010,01:00,29.7,21.9
01/07/2010,02:00,28.2,20.6
01/07/2010,03:00,29.5,20.6
01/07/2010,04:00,36.5,23.2
01/07/2010,05:00,48.4,27.5
01/07/2010,06:00,55.6,30.3
01/07/2010,07:00,54.7,29.9
01/07/2010,08:00,52.9,28
01/07/2010,09:00,52,25.7
01/07/2010,10:00,51.4,23.7
01/07/2010,11:00,51.4,23.1
01/07/2010,12:00,50.5,21.8
01/07/2010,13:00,50.8,21.4
01/07/2010,14:00,51.5,21.2
01/07/2010,15:00,51.2,21
01/07/2010,16:00,51.7,21.7
01/07/2010,17:00,52.1,23.3
01/07/2010,18:00,51.2,25.3
01/07/2010,19:00,48.8,27.2
01/07/2010,20:00,47.9,29.6
01/07/2010,21:00,48.1,31.6
01/07/2010,22:00,46,31.1
01/07/2010,23:00,41.6,28
01/08/2010,00:00,35.4,24.6
01/08/2010,01:00,30.3,21.7
01/08/2010,02:00,26.6,19.3
01/08/2010,03:00,27.5,18.9
01/08/2010,04:00,34.5,21.6
01/08/2010,05:00,47.5,27.2
01/08/2010,06:00,55.5,30.7
01/08/2010,07:00,54.2,30.3
01/08/2010,08:00,52,27.3
01/08/2010,09:00,50.6,24.1
01/08/2010,10:00,49.6,21.8
01/08/2010,11:00,49.4,21.2
01/08/2010,12:00,49,20.8
01/08/2010,13:00,49.3,21.6
01/08/2010,14:00,51.2,22.9
01/08/2010,15:00,51.7,23.8
01/08/2010,16:00,52.2,24.9
01/08/2010,17:00,53.5,27.1
01/08/2010,18:00,53.4,29.7
01/08/2010,19:00,52.6,33.5
01/08/2010,20:00,52.9,36.5
01/08/2010,21:00,50.3,35.6
01/08/2010,22:00,46.8,32.8
01/08/2010,23:00,42.4,29.4
01/09/2010,00:00,46.9,34.3
01/09/2010,01:00,41.5,30.7
01/09/2010,02:00,37.1,29.1
01/09/2010,03:00,37.2,27.6
01/09/2010,04:00,44,29.8
01/09/2010,05:00,58.7,36.4
01/09/2010,06:00,70.8,43.6
01/09/2010,07:00,71,45
01/09/2010,08:00,66.7,40.7
01/09/2010,09:00,60.5,34.7
01/09/2010,10:00,57.5,30.6
01/09/2010,11:00,56.6,29
01/09/2010,12:00,55.9,27.7
01/09/2010,13:00,56.8,27.8
01/09/2010,14:00,59.2,29.6
01/09/2010,15:00,60.3,31.2
01/09/2010,16:00,61.7,33.1
01/09/2010,17:00,65,36.2
01/09/2010,18:00,68.2,42.1
01/09/2010,19:00,65.4,44.4
01/09/2010,20:00,62.5,44.4
01/09/2010,21:00,59.7,43.1
01/09/2010,22:00,56.7,41.4
01/09/2010,23:00,51.9,37.8
01/10/2010,00:00,44.3,31
01/10/2010,01:00,38.6,28.8
01/10/2010,02:00,35.7,26.4
01/10/2010,03:00,35.9,25.4
01/10/2010,04:00,42.6,28
01/10/2010,05:00,58.2,36.5
01/10/2010,06:00,70.9,45.7
01/10/2010,07:00,73.7,49.3
01/10/2010,08:00,71.3,46.4
01/10/2010,09:00,67.5,41.4
01/10/2010,10:00,63.1,36.9
01/10/2010,11:00,60.6,33.6
01/10/2010,12:00,59.5,32
01/10/2010,13:00,60.2,32.5
01/10/2010,14:00,62.7,34.4
01/10/2010,15:00,65.8,37.9
01/10/2010,16:00,71.7,43.9
01/10/2010,17:00,76.5,50.3
01/10/2010,18:00,75.7,51.5
01/10/2010,19:00,67.9,48.3
01/10/2010,20:00,62,45
01/10/2010,21:00,59.6,43.3
01/10/2010,22:00,55.7,39.8
01/10/2010,23:00,49.9,35.3
01/11/2010,00:00,55.8,42.2
01/11/2010,01:00,49,39.8
01/11/2010,02:00,41.2,33.3
01/11/2010,03:00,38.3,30.5
01/11/2010,04:00,39.5,30.4
01/11/2010,05:00,47.1,34.1
01/11/2010,06:00,61.1,42.7
01/11/2010,07:00,72.7,50.7
01/11/2010,08:00,75.1,53
01/11/2010,09:00,74.9,51.7
01/11/2010,10:00,73.3,48.8
01/11/2010,11:00,71,46.7
01/11/2010,12:00,70.5,44.9
01/11/2010,13:00,69.7,44.8
01/11/2010,14:00,71,45.9
01/11/2010,15:00,75.7,49.9
01/11/2010,16:00,82.5,57.5
01/11/2010,17:00,84.5,60.2
01/11/2010,18:00,83,59.4
01/11/2010,19:00,78.9,58.3
01/11/2010,20:00,71.7,54.9
01/11/2010,21:00,66.8,51.8
01/11/2010,22:00,63.9,49
01/11/2010,23:00,59.1,44.7
01/12/2010,00:00,60.8,48.5
01/12/2010,01:00,55.3,46
01/12/2010,02:00,48,39.7
01/12/2010,03:00,46,37.5
01/12/2010,04:00,47,37.9
01/12/2010,05:00,53.8,42
01/12/2010,06:00,64.7,48.4
01/12/2010,07:00,74.9,55.6
01/12/2010,08:00,79.4,59.1
01/12/2010,09:00,80.5,58.6
01/12/2010,10:00,80.2,56.8
01/12/2010,11:00,79.4,55.9
01/12/2010,12:00,78.9,55.1
01/12/2010,13:00,79.7,54.9
01/12/2010,14:00,80.9,56.7
01/12/2010,15:00,83.5,59.8
01/12/2010,16:00,85.6,63.1
01/12/2010,17:00,84.8,63.8
01/12/2010,18:00,83.3,63
01/12/2010,19:00,80.7,62.4
01/12/2010,20:00,76.6,60.8
01/12/2010,21:00,72.2,59
01/12/2010,22:00,69.9,56.7
01/12/2010,23:00,65.7,52.2
01/01/2011,00:00,52.5,38.1
01/01/2011,01:00,45.1,34.4
01/01/2011,02:00,37.3,29.7
01/01/2011,03:00,34.9,27.4
01/01/2011,04:00,35.9,27.3
01/01/2011,05:00,43.8,31.6
01/01/2011,06:00,58.1,40.4
01/01/2011,07:00,69.9,49.7
01/01/2011,08:00,73.2,53
01/01/2011,09:00,72.1,51.4
01/01/2011,10:00,68.5,47.2
01/01/2011,11:00,65.4,43.9
01/01/2011,12:00,65.6,43.4
01/01/2011,13:00,66.1,43.3
01/01/2011,14:00,66.7,44.1
01/01/2011,15:00,70.8,46.8
01/01/2011,16:00,77.3,53.1
01/01/2011,17:00,80.3,57.1
01/01/2011,18:00,79.6,57.4
01/01/2011,19:00,74.3,55.6
01/01/2011,20:00,67.9,52.4
01/01/2011,21:00,62.9,49.6
01/01/2011,22:00,59.5,46.3
01/01/2011,23:00,55.8,41.8
01/02/2011,00:00,48.2,34.4
01/02/2011,01:00,41.1,30.1
01/02/2011,02:00,34.2,26.6
01/02/2011,03:00,32.8,24.9
01/02/2011,04:00,34.2,25.7
01/02/2011,05:00,42.6,31
01/02/2011,06:00,60.9,41.5
01/02/2011,07:00,75.3,51
01/02/2011,08:00,75.4,52.8
01/02/2011,09:00,72,48.7
01/02/2011,10:00,68.7,44.3
01/02/2011,11:00,65.5,41
01/02/2011,12:00,64.6,38.8
01/02/2011,13:00,63.7,37.9
01/02/2011,14:00,65.7,39.8
01/02/2011,15:00,69.7,42.6
01/02/2011,16:00,73.5,46.9
01/02/2011,17:00,77.4,51.8
01/02/2011,18:00,79.2,54.7
01/02/2011,19:00,73.4,52.6
01/02/2011,20:00,64.8,48.5
01/02/2011,21:00,58.6,44.7
01/02/2011,22:00,55.7,41.6
01/02/2011,23:00,51.4,36.7
01/03/2011,00:00,64,51.2
01/03/2011,01:00,56.5,45.6
01/03/2011,02:00,47.5,40.5
01/03/2011,03:00,45.6,38.2
01/03/2011,04:00,47.4,38.7
01/03/2011,05:00,56.5,44
01/03/2011,06:00,73.6,52.9
01/03/2011,07:00,85.4,60.7
01/03/2011,08:00,84.6,61.5
01/03/2011,09:00,81.1,57.5
01/03/2011,10:00,74.8,51
01/03/2011,11:00,69.4,44.8
01/03/2011,12:00,66.1,40.2
01/03/2011,13:00,65.1,38.7
01/03/2011,14:00,65.3,38.7
01/03/2011,15:00,67.8,40.3
01/03/2011,16:00,70.9,43.9
01/03/2011,17:00,77,50.5
01/03/2011,18:00,83.1,59.2
01/03/2011,19:00,83.5,63.4
01/03/2011,20:00,78.2,62
01/03/2011,21:00,73.4,59.2
01/03/2011,22:00,71.2,57.1
01/03/2011,23:00,67.2,52.8
01/04/2011,00:00,55.7,43
01/04/2011,01:00,50.6,39.7
01/04/2011,02:00,46.1,36.6
01/04/2011,03:00,46.6,35.5
01/04/2011,04:00,53.1,38.3
01/04/2011,05:00,68,45.8
01/04/2011,06:00,77.6,51.7
01/04/2011,07:00,75.8,51.9
01/04/2011,08:00,74.4,49.2
01/04/2011,09:00,70.5,43.9
01/04/2011,10:00,66,38.1
01/04/2011,11:00,61.2,32.5
01/04/2011,12:00,59.4,28.7
01/04/2011,13:00,58.7,26.9
01/04/2011,14:00,58.9,27.5
01/04/2011,15:00,60,28.8
01/04/2011,16:00,62.5,30.7
01/04/2011,17:00,65.7,33.8
01/04/2011,18:00,69.1,39.7
01/04/2011,19:00,70.6,46.5
01/04/2011,20:00,71.1,50.9
01/04/2011,21:00,71.2,52.7
01/04/2011,22:00,67.4,50.4
01/04/2011,23:00,61.3,46.5
01/05/2011,00:00,41.7,25.3
01/05/2011,01:00,35.7,23.4
01/05/2011,02:00,32.1,21.7
01/05/2011,03:00,34.2,22.3
01/05/2011,04:00,42.3,26.8
01/05/2011,05:00,54.9,33.1
01/05/2011,06:00,61.2,35.1
01/05/2011,07:00,57.9,32.8
01/05/2011,08:00,54.1,28
01/05/2011,09:00,51.9,24.4
01/05/2011,10:00,51.3,23.3
01/05/2011,11:00,50.3,22
01/05/2011,12:00,49.4,21
01/05/2011,13:00,48.6,20.5
01/05/2011,14:00,50.5,20.8
01/05/2011,15:00,51.4,21.6
01/05/2011,16:00,52.9,23
01/05/2011,17:00,54.2,24.3
01/05/2011,18:00,54.2,26.8
01/05/2011,19:00,53.5,29.5
01/05/2011,20:00,53.4,31.5
01/05/2011,21:00,52.8,32.6
01/05/2011,22:00,51,31.3
01/05/2011,23:00,47,28.8
01/06/2011,00:00,40.5,25.3
01/06/2011,01:00,34.6,21.6
01/06/2011,02:00,31,19.9
01/06/2011,03:00,32.9,20.5
01/06/2011,04:00,39.6,23.2
01/06/2011,05:00,50.4,27.1
01/06/2011,06:00,57.4,29.5
01/06/2011,07:00,56.5,29.2
01/06/2011,08:00,54.9,26.9
01/06/2011,09:00,53.9,24.4
01/06/2011,10:00,54,23.5
01/06/2011,11:00,54.4,22.9
01/06/2011,12:00,54.1,22.3
01/06/2011,13:00,53.8,21.8
01/06/2011,14:00,54.5,22.4
01/06/2011,15:00,55.5,23.2
01/06/2011,16:00,56.2,24.3
01/06/2011,17:00,55.9,25.5
01/06/2011,18:00,54.9,26.6
01/06/2011,19:00,52.3,28.1
01/06/2011,20:00,52,30.1
01/06/2011,21:00,54.2,33.2
01/06/2011,22:00,52.5,32.3
01/06/2011,23:00,46.4,28.5
01/07/2011,00:00,42.7,27.1
01/07/2011,01:00,36.8,24.3
01/07/2011,02:00,32.2,21.6
01/07/2011,03:00,33.6,21.5
01/07/2011,04:00,41.3,24.9
01/07/2011,05:00,51.5,28.6
01/07/2011,06:00,57.6,30.2
01/07/2011,07:00,55.9,29.6
01/07/2011,08:00,55.2,27.4
01/07/2011,09:00,53.6,24.2
01/07/2011,10:00,53,22
01/07/2011,11:00,53.5,21.1
01/07/2011,12:00,54.7,20.5
01/07/2011,13:00,55.4,20.9
01/07/2011,14:00,55.9,21.6
01/07/2011,15:00,56.6,22.5
01/07/2011,16:00,58.7,23.8
01/07/2011,17:00,58.6,24.7
01/07/2011,18:00,58.4,26.3
01/07/2011,19:00,57.4,29.5
01/07/2011,20:00,56.1,32.9
01/07/2011,21:00,55.7,34.1
01/07/2011,22:00,53.3,32.7
01/07/2011,23:00,48.2,29.9
01/08/2011,00:00,34.4,19.7
01/08/2011,01:00,29.9,18
01/08/2011,02:00,26.6,16.6
01/08/2011,03:00,27.7,16.7
01/08/2011,04:00,33.3,19
01/08/2011,05:00,43.3,23.1
01/08/2011,06:00,50.2,25.6
01/08/2011,07:00,50.1,25.5
01/08/2011,08:00,48.5,23.6
01/08/2011,09:00,47.1,21.3
01/08/2011,10:00,45.8,19.7
01/08/2011,11:00,44.8,18.9
01/08/2011,12:00,43.3,17.3
01/08/2011,13:00,43.9,17.1
01/08/2011,14:00,44.3,16.8
01/08/2011,15:00,45.1,17.1
01/08/2011,16:00,47.2,18.9
01/08/2011,17:00,48.2,21.2
01/08/2011,18:00,47.7,24.2
01/08/2011,19:00,45.5,26.4
01/08/2011,20:00,43.1,26.5
01/08/2011,21:00,42.8,26.6
01/08/2011,22:00,41.3,25.6
01/08/2011,23:00,38.3,23.6
01/09/2011,00:00,42.8,28
01/09/2011,01:00,37,24.9
01/09/2011,02:00,32.2,22.6
01/09/2011,03:00,33.1,22.1
01/09/2011,04:00,39.7,24.8
01/09/2011,05:00,53.7,31.6
01/09/2011,06:00,66,38.1
01/09/2011,07:00,67.6,40.4
01/09/2011,08:00,65,38.5
01/09/2011,09:00,60.3,33.5
01/09/2011,10:00,57,28.7
01/09/2011,11:00,55,25.4
01/09/2011,12:00,54.6,23.3
01/09/2011,13:00,55.6,23
01/09/2011,14:00,58.3,24.5
01/09/2011,15:00,60.4,25.5
01/09/2011,16:00,63.2,27.9
01/09/2011,17:00,68.4,34.7
01/09/2011,18:00,71.7,42.4
01/09/2011,19:00,67.5,43.4
01/09/2011,20:00,62.5,42.1
01/09/2011,21:00,58.4,40
01/09/2011,22:00,54.1,36.1
01/09/2011,23:00,49.3,32.7
01/10/2011,00:00,46,32.6
01/10/2011,01:00,40.2,29.6
01/10/2011,02:00,35.9,26.6
01/10/2011,03:00,37,26.3
01/10/2011,04:00,44.2,29.5
01/10/2011,05:00,60.4,37.9
01/10/2011,06:00,75.3,47.4
01/10/2011,07:00,78.5,51.3
01/10/2011,08:00,74.4,47.9
01/10/2011,09:00,67.7,40.5
01/10/2011,10:00,62.8,33.8
01/10/2011,11:00,59.8,30.4
01/10/2011,12:00,58.2,28.2
01/10/2011,13:00,59.1,27.9
01/10/2011,14:00,61.6,30.5
01/10/2011,15:00,64.6,33.8
01/10/2011,16:00,71.1,39.6
01/10/2011,17:00,76.3,46.4
01/10/2011,18:00,76,49.5
01/10/2011,19:00,68.8,47.7
01/10/2011,20:00,62.5,44.5
01/10/2011,21:00,58.8,41.8
01/10/2011,22:00,54.1,37.4
01/10/2011,23:00,48.6,33.6
01/11/2011,00:00,40.1,37.8
01/11/2011,01:00,36,34.9
01/11/2011,02:00,30.8,31.6
01/11/2011,03:00,29.2,29
01/11/2011,04:00,30.3,28.6
01/11/2011,05:00,35.5,31.7
01/11/2011,06:00,47.7,39.9
01/11/2011,07:00,57.6,48.5
01/11/2011,08:00,58.9,51
01/11/2011,09:00,57.3,47.6
01/11/2011,10:00,54.5,43.2
01/11/2011,11:00,53.4,40.9
01/11/2011,12:00,53,39.8
01/11/2011,13:00,52.7,39.6
01/11/2011,14:00,53.6,40.9
01/11/2011,15:00,57.5,45.9
01/11/2011,16:00,61.5,51.9
01/11/2011,17:00,61.9,54.3
01/11/2011,18:00,59.6,54.4
01/11/2011,19:00,56,52.4
01/11/2011,20:00,50.8,49.2
01/11/2011,21:00,46.6,45.5
01/11/2011,22:00,44.5,42.9
01/11/2011,23:00,41.5,40.2
01/12/2011,00:00,46.3,30
01/12/2011,01:00,40,25.5
01/12/2011,02:00,31.4,21.5
01/12/2011,03:00,28.6,19.2
01/12/2011,04:00,29.9,19.4
01/12/2011,05:00,37.9,24.1
01/12/2011,06:00,53,32.8
01/12/2011,07:00,66.7,41.3
01/12/2011,08:00,71.4,45.5
01/12/2011,09:00,70.6,43.7
01/12/2011,10:00,68.5,39.4
01/12/2011,11:00,66.4,36.9
01/12/2011,12:00,65.3,35.4
01/12/2011,13:00,64.7,35
01/12/2011,14:00,67.5,36.9
01/12/2011,15:00,72.1,42.1
01/12/2011,16:00,74,45.7
01/12/2011,17:00,75.3,47.6
01/12/2011,18:00,73.3,47.3
01/12/2011,19:00,68.8,44.8
01/12/2011,20:00,62.6,42.2
01/12/2011,21:00,57,39.4
01/12/2011,22:00,53.6,36.3
01/12/2011,23:00,49.9,33
01/01/2012,00:00,47.8,33.3
01/01/2012,01:00,41.7,29.4
01/01/2012,02:00,35.6,25.9
01/01/2012,03:00,32.8,23.7
01/01/2012,04:00,33.9,23.7
01/01/2012,05:00,42.1,27.8
01/01/2012,06:00,59.4,37
01/01/2012,07:00,75.4,47.4
01/01/2012,08:00,79.4,52.3
01/01/2012,09:00,78.9,51.1
01/01/2012,10:00,74.1,45.8
01/01/2012,11:00,69.2,40.7
01/01/2012,12:00,67,37.8
01/01/2012,13:00,66.3,36.7
01/01/2012,14:00,66.3,37.2
01/01/2012,15:00,70.9,41.6
01/01/2012,16:00,78.1,49.4
01/01/2012,17:00,81.2,54
01/01/2012,18:00,79.5,54.6
01/01/2012,19:00,75.3,52.6
01/01/2012,20:00,67.3,48.1
01/01/2012,21:00,61.6,44.9
01/01/2012,22:00,58.7,42.3
01/01/2012,23:00,53.6,37.9
01/02/2012,00:00,56.9,40.8
01/02/2012,01:00,49.5,37.2
01/02/2012,02:00,43.1,33.3
01/02/2012,03:00,41.7,31.9
01/02/2012,04:00,44.2,32.9
01/02/2012,05:00,53.6,37.7
01/02/2012,06:00,72,46.8
01/02/2012,07:00,86.9,56.7
01/02/2012,08:00,88.3,58.2
01/02/2012,09:00,82.8,52.7
01/02/2012,10:00,76.2,44.8
01/02/2012,11:00,72.7,40.1
01/02/2012,12:00,70.9,38.2
01/02/2012,13:00,71.3,37.6
01/02/2012,14:00,71.8,38.9
01/02/2012,15:00,75.7,42.5
01/02/2012,16:00,80.1,47.5
01/02/2012,17:00,87.1,54.9
01/02/2012,18:00,89.5,59.8
01/02/2012,19:00,85.2,59.1
01/02/2012,20:00,76.3,55.4
01/02/2012,21:00,70.5,52.6
01/02/2012,22:00,67.7,49.8
01/02/2012,23:00,62.9,45.5
01/03/2012,00:00,64.8,48.6
01/03/2012,01:00,57.7,43.7
01/03/2012,02:00,50.5,39.7
01/03/2012,03:00,49,37.8
01/03/2012,04:00,51.7,38.4
01/03/2012,05:00,62.1,43.1
01/03/2012,06:00,78.1,50.3
01/03/2012,07:00,85,53.5
01/03/2012,08:00,82.4,52.7
01/03/2012,09:00,79.9,49.5
01/03/2012,10:00,76.4,45.1
01/03/2012,11:00,74,41.7
01/03/2012,12:00,71.8,38.8
01/03/2012,13:00,69.6,36.6
01/03/2012,14:00,70,36.4
01/03/2012,15:00,71.4,37.2
01/03/2012,16:00,75.6,40.7
01/03/2012,17:00,82.4,48.6
01/03/2012,18:00,88.9,58.8
01/03/2012,19:00,91,64.5
01/03/2012,20:00,86.6,64.7
01/03/2012,21:00,81.9,62
01/03/2012,22:00,76.6,57.5
01/03/2012,23:00,70.2,52.4
01/04/2012,00:00,42.6,29.7
01/04/2012,01:00,36.9,26.6
01/04/2012,02:00,33.9,23.3
01/04/2012,03:00,35.5,23.1
01/04/2012,04:00,45.3,27.4
01/04/2012,05:00,63.6,36.8
01/04/2012,06:00,72.5,42
01/04/2012,07:00,70.6,40.1
01/04/2012,08:00,67.3,36
01/04/2012,09:00,65.1,31.6
01/04/2012,10:00,63.3,28.2
01/04/2012,11:00,62.1,26.5
01/04/2012,12:00,62.6,25.8
01/04/2012,13:00,63.5,26.4
01/04/2012,14:00,63.6,26.6
01/04/2012,15:00,64.2,27.1
01/04/2012,16:00,65.8,29.3
01/04/2012,17:00,67.3,31.8
01/04/2012,18:00,69.2,36.5
01/04/2012,19:00,68.5,41.5
01/04/2012,20:00,64.2,40.7
01/04/2012,21:00,61.8,39.2
01/04/2012,22:00,56.8,36.4
01/04/2012,23:00,50,32.4
01/05/2012,00:00,39.1,25.7
01/05/2012,01:00,33.8,22.2
01/05/2012,02:00,31.4,20
01/05/2012,03:00,34.4,20.6
01/05/2012,04:00,44.4,24.9
01/05/2012,05:00,59.4,32
01/05/2012,06:00,68.2,37.1
01/05/2012,07:00,69.2,37.6
01/05/2012,08:00,69.2,36.4
01/05/2012,09:00,67.9,33.2
01/05/2012,10:00,66.3,30.6
01/05/2012,11:00,66.2,28.9
01/05/2012,12:00,65.3,27.7
01/05/2012,13:00,64.6,26.5
01/05/2012,14:00,64.8,27.2
01/05/2012,15:00,65.2,26.9
01/05/2012,16:00,64.6,27.4
01/05/2012,17:00,64.1,28.4
01/05/2012,18:00,63.4,30.9
01/05/2012,19:00,61.2,33.4
01/05/2012,20:00,58.4,35.2
01/05/2012,21:00,57,35.8
01/05/2012,22:00,53.5,33.1
01/05/2012,23:00,47.6,29.1
01/06/2012,00:00,35.2,23.5
01/06/2012,01:00,31.1,20.9
01/06/2012,02:00,28.2,18.9
01/06/2012,03:00,30,19
01/06/2012,04:00,36.7,22.2
01/06/2012,05:00,48.2,26.8
01/06/2012,06:00,54.1,30.1
01/06/2012,07:00,53.6,28.9
01/06/2012,08:00,52.7,26.2
01/06/2012,09:00,52.3,23.9
01/06/2012,10:00,53.3,22.8
01/06/2012,11:00,53.6,22.5
01/06/2012,12:00,53.4,22.2
01/06/2012,13:00,54.5,22.7
01/06/2012,14:00,55.2,23.1
01/06/2012,15:00,55,23.6
01/06/2012,16:00,54.9,23.9
01/06/2012,17:00,54.3,24.4
01/06/2012,18:00,51.4,25.5
01/06/2012,19:00,46.9,25.6
01/06/2012,20:00,44.4,26.9
01/06/2012,21:00,45.3,28
01/06/2012,22:00,44.3,26.9
01/06/2012,23:00,40.4,24.7
01/07/2012,00:00,39.5,25.1
01/07/2012,01:00,35.2,22.1
01/07/2012,02:00,31.5,20.4
01/07/2012,03:00,33.8,21.1
01/07/2012,04:00,41.7,24.6
01/07/2012,05:00,54,29.7
01/07/2012,06:00,60,32.5
01/07/2012,07:00,59.3,32.2
01/07/2012,08:00,59.3,30.7
01/07/2012,09:00,59.5,28.2
01/07/2012,10:00,57.8,25.7
01/07/2012,11:00,57.6,23.5
01/07/2012,12:00,57.1,22.9
01/07/2012,13:00,56.4,21.8
01/07/2012,14:00,58.7,22.5
01/07/2012,15:00,60,23.3
01/07/2012,16:00,60.9,25.1
01/07/2012,17:00,62.2,27.1
01/07/2012,18:00,60.1,29.2
01/07/2012,19:00,57.6,30.9
01/07/2012,20:00,54.8,32.5
01/07/2012,21:00,53,32.6
01/07/2012,22:00,50.7,30.8
01/07/2012,23:00,46.1,28.3
01/08/2012,00:00,41.2,28.8
01/08/2012,01:00,36.7,25.9
01/08/2012,02:00,33.8,24.3
01/08/2012,03:00,35.5,24.6
01/08/2012,04:00,43.4,28.1
01/08/2012,05:00,57.1,33.7
01/08/2012,06:00,61.9,36
01/08/2012,07:00,59.3,34.2
01/08/2012,08:00,56.6,30.6
01/08/2012,09:00,55.2,27.2
01/08/2012,10:00,55.3,25.6
01/08/2012,11:00,55.6,24.1
01/08/2012,12:00,55.4,22.8
01/08/2012,13:00,55.5,22.3
01/08/2012,14:00,57.3,22.6
01/08/2012,15:00,57.8,22.8
01/08/2012,16:00,57.4,23.4
01/08/2012,17:00,58.6,25.7
01/08/2012,18:00,56.5,28.1
01/08/2012,19:00,54.7,31.5
01/08/2012,20:00,52.3,33.1
01/08/2012,21:00,53,34.4
01/08/2012,22:00,51.9,33.9
01/08/2012,23:00,47.8,31.3
01/09/2012,00:00,44.9,33.6
01/09/2012,01:00,39.5,30.2
01/09/2012,02:00,36.2,26.8
01/09/2012,03:00,36.5,26.4
01/09/2012,04:00,44,29.5
01/09/2012,05:00,59.9,37.6
01/09/2012,06:00,70.8,44.1
01/09/2012,07:00,70,44.1
01/09/2012,08:00,67.7,39.7
01/09/2012,09:00,63.1,33.8
01/09/2012,10:00,59.9,28.9
01/09/2012,11:00,58.1,26
01/09/2012,12:00,57.6,24.3
01/09/2012,13:00,57.8,23.7
01/09/2012,14:00,60,24.7
01/09/2012,15:00,60.8,26.1
01/09/2012,16:00,63.3,28.8
01/09/2012,17:00,66.5,34.5
01/09/2012,18:00,69.6,41.5
01/09/2012,19:00,66.9,43.5
01/09/2012,20:00,60.7,41.9
01/09/2012,21:00,58.1,40.5
01/09/2012,22:00,55.4,38.8
01/09/2012,23:00,50.6,35.9
01/10/2012,00:00,41,27.7
01/10/2012,01:00,34.9,24.5
01/10/2012,02:00,32.5,21.8
01/10/2012,03:00,33.5,21.5
01/10/2012,04:00,39.9,24.9
01/10/2012,05:00,55.4,32.9
01/10/2012,06:00,70.3,41.8
01/10/2012,07:00,74.5,45.5
01/10/2012,08:00,72.5,42.9
01/10/2012,09:00,67.3,37.6
01/10/2012,10:00,63.5,33.6
01/10/2012,11:00,62.6,31.3
01/10/2012,12:00,61.5,30.5
01/10/2012,13:00,61.8,30.7
01/10/2012,14:00,64.5,32.9
01/10/2012,15:00,67.2,35.9
01/10/2012,16:00,72.5,41.6
01/10/2012,17:00,74.5,46.4
01/10/2012,18:00,71.5,45.4
01/10/2012,19:00,67.3,44.2
01/10/2012,20:00,61.3,41.7
01/10/2012,21:00,57.8,39
01/10/2012,22:00,53.8,35.7
01/10/2012,23:00,47.3,31.7
01/11/2012,00:00,55.1,39.2
01/11/2012,01:00,48.9,34.6
01/11/2012,02:00,42.4,31.1
01/11/2012,03:00,40.4,29.4
01/11/2012,04:00,41.6,29.5
01/11/2012,05:00,50,33.4
01/11/2012,06:00,68.2,43.2
01/11/2012,07:00,82.6,51.6
01/11/2012,08:00,83.1,53.3
01/11/2012,09:00,79.8,49.8
01/11/2012,10:00,75.7,44.9
01/11/2012,11:00,73.7,41.1
01/11/2012,12:00,73,39.9
01/11/2012,13:00,72.9,39.6
01/11/2012,14:00,74.3,41.4
01/11/2012,15:00,80.9,47
01/11/2012,16:00,86.8,54.6
01/11/2012,17:00,90.8,58.9
01/11/2012,18:00,90,60.4
01/11/2012,19:00,84.3,58.4
01/11/2012,20:00,76.2,54.3
01/11/2012,21:00,70,51.2
01/11/2012,22:00,66.6,48
01/11/2012,23:00,63,44.3
01/12/2012,00:00,53.9,39.3
01/12/2012,01:00,48.6,35.4
01/12/2012,02:00,41.4,32.4
01/12/2012,03:00,38.7,29.8
01/12/2012,04:00,39.1,29.3
01/12/2012,05:00,45.2,32.6
01/12/2012,06:00,57.4,39.6
01/12/2012,07:00,66.8,45.9
01/12/2012,08:00,70.3,48.6
01/12/2012,09:00,71.7,47.2
01/12/2012,10:00,71.8,44.8
01/12/2012,11:00,72.1,43.1
01/12/2012,12:00,71,41.4
01/12/2012,13:00,70.9,40.7
01/12/2012,14:00,73.5,42.8
01/12/2012,15:00,76.7,46.9
01/12/2012,16:00,79.9,50.9
01/12/2012,17:00,80.8,53.1
01/12/2012,18:00,80,53.5
01/12/2012,19:00,75,51.2
01/12/2012,20:00,69.3,48.9
01/12/2012,21:00,63.5,46.1
01/12/2012,22:00,60.4,43.4
01/12/2012,23:00,56.9,40.5
01/01/2013,00:00,54.2,39.9
01/01/2013,01:00,48.4,36.9
01/01/2013,02:00,41.9,33.9
01/01/2013,03:00,40.7,32.6
01/01/2013,04:00,42.5,32.6
01/01/2013,05:00,49.6,35.6
01/01/2013,06:00,64.3,43.4
01/01/2013,07:00,77,51.3
01/01/2013,08:00,82.2,55.9
01/01/2013,09:00,81.6,54.3
01/01/2013,10:00,78.9,50.4
01/01/2013,11:00,76.4,47.2
01/01/2013,12:00,75.3,45.1
01/01/2013,13:00,74.5,44.1
01/01/2013,14:00,73.9,44.4
01/01/2013,15:00,77.5,47.9
01/01/2013,16:00,80.6,52.1
01/01/2013,17:00,83.8,55.1
01/01/2013,18:00,82.8,55.4
01/01/2013,19:00,77.5,54.1
01/01/2013,20:00,69.6,50.5
01/01/2013,21:00,65.3,48.5
01/01/2013,22:00,63.9,46.9
01/01/2013,23:00,58.9,43.5
01/02/2013,00:00,48.5,34.6
01/02/2013,01:00,41.3,31.5
01/02/2013,02:00,37.3,28.3
01/02/2013,03:00,36.2,27.1
01/02/2013,04:00,38.6,28
01/02/2013,05:00,46.8,31.8
01/02/2013,06:00,62.9,39.9
01/02/2013,07:00,77.3,47.7
01/02/2013,08:00,79.5,50.3
01/02/2013,09:00,77.6,47
01/02/2013,10:00,73.6,42.2
01/02/2013,11:00,69.4,37.8
01/02/2013,12:00,67.2,34.6
01/02/2013,13:00,66.3,33.5
01/02/2013,14:00,67.7,34.9
01/02/2013,15:00,72,38.6
01/02/2013,16:00,77.1,44
01/02/2013,17:00,80.9,50.2
01/02/2013,18:00,81.6,52.9
01/02/2013,19:00,77.9,52.5
01/02/2013,20:00,69.2,48.7
01/02/2013,21:00,63.2,44.7
01/02/2013,22:00,60.3,41.8
01/02/2013,23:00,54.1,37.7
01/03/2013,00:00,56.2,38.8
01/03/2013,01:00,47.8,35.9
01/03/2013,02:00,43.6,32.2
01/03/2013,03:00,43.1,31.2
01/03/2013,04:00,45.3,32.2
01/03/2013,05:00,53.3,36.5
01/03/2013,06:00,68.6,44.3
01/03/2013,07:00,77,48.8
01/03/2013,08:00,74.7,47
01/03/2013,09:00,73,42.2
01/03/2013,10:00,69.7,39.2
01/03/2013,11:00,68.7,37.2
01/03/2013,12:00,68.8,36.1
01/03/2013,13:00,68.8,35.7
01/03/2013,14:00,69.7,36.2
01/03/2013,15:00,71.4,37.7
01/03/2013,16:00,74.8,40.9
01/03/2013,17:00,78.3,45.2
01/03/2013,18:00,80.4,49.3
01/03/2013,19:00,77.3,50.7
01/03/2013,20:00,72.1,50.1
01/03/2013,21:00,66.9,47.6
01/03/2013,22:00,64.3,45
01/03/2013,23:00,59.4,41.6
01/04/2013,00:00,41.8,28.6
01/04/2013,01:00,36.7,25.5
01/04/2013,02:00,34.7,23.3
01/04/2013,03:00,36.6,23.7
01/04/2013,04:00,46.1,28.2
01/04/2013,05:00,63.7,37.8
01/04/2013,06:00,72.1,43
01/04/2013,07:00,68.2,39.4
01/04/2013,08:00,64,33.5
01/04/2013,09:00,61,29.2
01/04/2013,10:00,59.7,26.7
01/04/2013,11:00,59,25.8
01/04/2013,12:00,58,24.7
01/04/2013,13:00,57.5,24.1
01/04/2013,14:00,58.9,25
01/04/2013,15:00,59.5,25.8
01/04/2013,16:00,60.9,27.5
01/04/2013,17:00,64.2,30.6
01/04/2013,18:00,63.8,34.5
01/04/2013,19:00,61.5,36.6
01/04/2013,20:00,58.5,37
01/04/2013,21:00,57.9,37.1
01/04/2013,22:00,54.1,35.5
01/04/2013,23:00,48.5,32.3
01/05/2013,00:00,45.4,28.7
01/05/2013,01:00,40.1,26.6
01/05/2013,02:00,37.3,25.1
01/05/2013,03:00,39,24.6
01/05/2013,04:00,48.2,27.4
01/05/2013,05:00,62.6,33.5
01/05/2013,06:00,69.5,37.2
01/05/2013,07:00,66.9,35.7
01/05/2013,08:00,63.9,31.5
01/05/2013,09:00,61.3,28
01/05/2013,10:00,59.5,25.8
01/05/2013,11:00,58.9,24.7
01/05/2013,12:00,59.3,24.3
01/05/2013,13:00,59.5,24.1
01/05/2013,14:00,60.9,24.4
01/05/2013,15:00,61.1,25.6
01/05/2013,16:00,61.4,26.3
01/05/2013,17:00,61.6,27.4
01/05/2013,18:00,61.2,30.1
01/05/2013,19:00,60.2,32.8
01/05/2013,20:00,60.7,35.6
01/05/2013,21:00,59.6,35.5
01/05/2013,22:00,58.3,34.7
01/05/2013,23:00,53.2,32.6
01/06/2013,00:00,36.1,21.7
01/06/2013,01:00,31.7,19.9
01/06/2013,02:00,28.6,18.5
01/06/2013,03:00,30.7,18.5
01/06/2013,04:00,37.9,21
01/06/2013,05:00,49.5,25.1
01/06/2013,06:00,57.2,28.6
01/06/2013,07:00,57.2,28.8
01/06/2013,08:00,56.7,27.1
01/06/2013,09:00,55.1,25.1
01/06/2013,10:00,54.6,23.8
01/06/2013,11:00,54.5,23.1
01/06/2013,12:00,55.3,22.8
01/06/2013,13:00,56.5,23.3
01/06/2013,14:00,57.8,23.3
01/06/2013,15:00,56.8,22.9
01/06/2013,16:00,56.7,22.6
01/06/2013,17:00,56,23.3
01/06/2013,18:00,53.8,24.2
01/06/2013,19:00,50.8,25.3
01/06/2013,20:00,49.4,27.1
01/06/2013,21:00,49.8,28.4
01/06/2013,22:00,47.4,27.7
01/06/2013,23:00,42,24.9
01/07/2013,00:00,42.1,29.9
01/07/2013,01:00,37.8,26.7
01/07/2013,02:00,34.4,24.3
01/07/2013,03:00,35.3,23.6
01/07/2013,04:00,43.4,26.6
01/07/2013,05:00,56,31.4
01/07/2013,06:00,63.6,34.3
01/07/2013,07:00,64.9,35.3
01/07/2013,08:00,66.9,33.9
01/07/2013,09:00,64.2,30.4
01/07/2013,10:00,60.3,27.2
01/07/2013,11:00,59.6,24.2
01/07/2013,12:00,60,22.4
01/07/2013,13:00,59.7,22.1
01/07/2013,14:00,61.3,22.6
01/07/2013,15:00,60.3,22.9
01/07/2013,16:00,61,23.7
01/07/2013,17:00,61.4,25.6
01/07/2013,18:00,57,27.4
01/07/2013,19:00,55.6,29.5
01/07/2013,20:00,54.4,31.9
01/07/2013,21:00,54.6,33.2
01/07/2013,22:00,53.1,33.4
01/07/2013,23:00,49,32.2
01/08/2013,00:00,42.4,29.1
01/08/2013,01:00,37.8,26.4
01/08/2013,02:00,33.4,24.6
01/08/2013,03:00,32.8,23.2
01/08/2013,04:00,38.9,25.2
01/08/2013,05:00,51.7,29.8
01/08/2013,06:00,58.5,32.7
01/08/2013,07:00,57.7,32.3
01/08/2013,08:00,56.8,29.2
01/08/2013,09:00,55,25.2
01/08/2013,10:00,53.7,22.6
01/08/2013,11:00,54.1,20.6
01/08/2013,12:00,54.2,19.5
01/08/2013,13:00,55.4,19.6
01/08/2013,14:00,57.6,20.8
01/08/2013,15:00,59.4,21.5
01/08/2013,16:00,60.5,22.4
01/08/2013,17:00,60.9,24.4
01/08/2013,18:00,59,28.2
01/08/2013,19:00,57.7,33.1
01/08/2013,20:00,57.1,36.3
01/08/2013,21:00,57.5,37.3
01/08/2013,22:00,54.1,36.4
01/08/2013,23:00,49.1,33.5
01/09/2013,00:00,44.5,32.3
01/09/2013,01:00,40.1,29.7
01/09/2013,02:00,35.8,27.6
01/09/2013,03:00,36.7,27.1
01/09/2013,04:00,42.9,29.2
01/09/2013,05:00,56.2,34.5
01/09/2013,06:00,67.1,39.8
01/09/2013,07:00,68.2,41.3
01/09/2013,08:00,66.9,38.7
01/09/2013,09:00,64,34.4
01/09/2013,10:00,61.5,31.4
01/09/2013,11:00,61.2,29.9
01/09/2013,12:00,60,28.5
01/09/2013,13:00,62,28.5
01/09/2013,14:00,64.1,30
01/09/2013,15:00,66.3,31
01/09/2013,16:00,69.2,34.2
01/09/2013,17:00,73,40.1
01/09/2013,18:00,73.2,46
01/09/2013,19:00,69.3,47.7
01/09/2013,20:00,65.8,47
01/09/2013,21:00,62.1,44.8
01/09/2013,22:00,57,40.9
01/09/2013,23:00,51.3,37.2
01/10/2013,00:00,36.6,25.2
01/10/2013,01:00,32.3,23.7
01/10/2013,02:00,28.5,21
01/10/2013,03:00,29,20.5
01/10/2013,04:00,35,23.4
01/10/2013,05:00,48.5,30.4
01/10/2013,06:00,61.1,38.3
01/10/2013,07:00,65.3,41.9
01/10/2013,08:00,65.6,40.4
01/10/2013,09:00,62,36.1
01/10/2013,10:00,58.5,31.8
01/10/2013,11:00,56.8,28.5
01/10/2013,12:00,56.2,27.8
01/10/2013,13:00,55.9,27.6
01/10/2013,14:00,57.4,28.8
01/10/2013,15:00,59.6,31
01/10/2013,16:00,63.7,35.6
01/10/2013,17:00,68.2,42.1
01/10/2013,18:00,66.9,44.1
01/10/2013,19:00,61.6,42.2
01/10/2013,20:00,54.4,38.5
01/10/2013,21:00,51.4,35.3
01/10/2013,22:00,47.3,32.3
01/10/2013,23:00,41.7,28.4
01/11/2013,00:00,51.7,37.8
01/11/2013,01:00,44.5,34.5
01/11/2013,02:00,38.1,30
01/11/2013,03:00,35.5,27.6
01/11/2013,04:00,36.8,27.7
01/11/2013,05:00,43.5,30.8
01/11/2013,06:00,57.6,38.5
01/11/2013,07:00,70.6,46.6
01/11/2013,08:00,73.6,48.9
01/11/2013,09:00,72.2,46.8
01/11/2013,10:00,69.9,43.9
01/11/2013,11:00,67.4,41.1
01/11/2013,12:00,65.3,39.1
01/11/2013,13:00,64.4,37.9
01/11/2013,14:00,66,38.9
01/11/2013,15:00,71.4,44.5
01/11/2013,16:00,78.2,52.3
01/11/2013,17:00,80.2,56.1
01/11/2013,18:00,78.8,55.9
01/11/2013,19:00,74.6,54.6
01/11/2013,20:00,69.6,52.9
01/11/2013,21:00,65.4,50
01/11/2013,22:00,62,46.8
01/11/2013,23:00,58,43.2
01/12/2013,00:00,47,35.2
01/12/2013,01:00,41.3,32
01/12/2013,02:00,34.2,27.2
01/12/2013,03:00,32.4,25.3
01/12/2013,04:00,32.9,25.2
01/12/2013,05:00,39.8,29.3
01/12/2013,06:00,52.4,37.6
01/12/2013,07:00,62.5,44.8
01/12/2013,08:00,66.6,48.5
01/12/2013,09:00,66.9,47.3
01/12/2013,10:00,64.8,43.6
01/12/2013,11:00,62.4,41.1
01/12/2013,12:00,62.1,39.5
01/12/2013,13:00,62.7,39.6
01/12/2013,14:00,65.1,41.5
01/12/2013,15:00,69.6,47
01/12/2013,16:00,74.1,52.4
01/12/2013,17:00,75.3,55.2
01/12/2013,18:00,74.6,55.8
01/12/2013,19:00,72,55
01/12/2013,20:00,65.7,51.8
01/12/2013,21:00,59.6,47.2
01/12/2013,22:00,55.6,42.5
01/12/2013,23:00,49.7,37.2
01/01/2014,00:00,43.8,30
01/01/2014,01:00,38.8,27.8
01/01/2014,02:00,31.7,24.4
01/01/2014,03:00,30.6,22.8
01/01/2014,04:00,32.1,23.6
01/01/2014,05:00,40.4,28.5
01/01/2014,06:00,56.1,38.3
01/01/2014,07:00,68.9,47.2
01/01/2014,08:00,73.7,52
01/01/2014,09:00,72.2,50
01/01/2014,10:00,66.8,44.5
01/01/2014,11:00,62.7,39.5
01/01/2014,12:00,60.1,36.2
01/01/2014,13:00,59.1,35.3
01/01/2014,14:00,60.9,36.5
01/01/2014,15:00,65.8,41
01/01/2014,16:00,70.2,46.3
01/01/2014,17:00,73.8,50.3
01/01/2014,18:00,71.1,49.2
01/01/2014,19:00,64.8,46.2
01/01/2014,20:00,57.7,42.4
01/01/2014,21:00,53.1,38.7
01/01/2014,22:00,51.3,36.7
01/01/2014,23:00,46.4,33.2
01/02/2014,00:00,36.2,22.3
01/02/2014,01:00,29.5,19.9
01/02/2014,02:00,22.6,16
01/02/2014,03:00,21.9,14.8
01/02/2014,04:00,25.8,16.7
01/02/2014,05:00,34.6,22.8
01/02/2014,06:00,52.7,34.1
01/02/2014,07:00,64.9,42.8
01/02/2014,08:00,64.2,42
01/02/2014,09:00,59.8,36.9
01/02/2014,10:00,55,30.2
01/02/2014,11:00,51.9,27.4
01/02/2014,12:00,50.9,25.7
01/02/2014,13:00,50.5,24.8
01/02/2014,14:00,52.4,26.2
01/02/2014,15:00,56.8,29.7
01/02/2014,16:00,59.1,33.6
01/02/2014,17:00,64.7,40
01/02/2014,18:00,64.2,41.1
01/02/2014,19:00,59.3,38.5
01/02/2014,20:00,52.5,35.1
01/02/2014,21:00,47.8,31.9
01/02/2014,22:00,45.5,29.6
01/02/2014,23:00,40.1,26.3
01/03/2014,00:00,60.9,43.5
01/03/2014,01:00,54,40.4
01/03/2014,02:00,45.7,35.5
01/03/2014,03:00,43.8,33.7
01/03/2014,04:00,45,33.4
01/03/2014,05:00,52.7,37.1
01/03/2014,06:00,69,45.4
01/03/2014,07:00,78.9,51.7
01/03/2014,08:00,75.9,50.7
01/03/2014,09:00,71.8,45
01/03/2014,10:00,68,40.4
01/03/2014,11:00,64.4,36.4
01/03/2014,12:00,62.4,33.9
01/03/2014,13:00,62.2,31.8
01/03/2014,14:00,61.7,31.7
01/03/2014,15:00,65.3,33.7
01/03/2014,16:00,69.8,37.6
01/03/2014,17:00,77.2,46.7
01/03/2014,18:00,86,57.7
01/03/2014,19:00,86,61.7
01/03/2014,20:00,78.6,59.3
01/03/2014,21:00,73.5,55.4
01/03/2014,22:00,70.7,53
01/03/2014,23:00,66.2,48.8
01/04/2014,00:00,48.1,35.6
01/04/2014,01:00,44,32.8
01/04/2014,02:00,39.8,30.1
01/04/2014,03:00,41.6,30
01/04/2014,04:00,49.2,33.1
01/04/2014,05:00,63.6,40.2
01/04/2014,06:00,71.1,44.4
01/04/2014,07:00,69.7,43
01/04/2014,08:00,68,39.2
01/04/2014,09:00,65.6,35.4
01/04/2014,10:00,62.8,32.4
01/04/2014,11:00,62.6,30.4
01/04/2014,12:00,61.8,29
01/04/2014,13:00,60.9,28.1
01/04/2014,14:00,61.1,27.8
01/04/2014,15:00,61.5,29
01/04/2014,16:00,61.7,30.6
01/04/2014,17:00,63.8,32.9
01/04/2014,18:00,64.2,36.9
01/04/2014,19:00,63.2,40.6
01/04/2014,20:00,62.1,41.7
01/04/2014,21:00,63,42.2
01/04/2014,22:00,59.8,41.7
01/04/2014,23:00,54.4,38.6
01/05/2014,00:00,44.3,31.4
01/05/2014,01:00,41.7,29.9
01/05/2014,02:00,37.4,27.4
01/05/2014,03:00,39,27.3
01/05/2014,04:00,46.4,30.5
01/05/2014,05:00,59.3,36.4
01/05/2014,06:00,66.6,39.3
01/05/2014,07:00,65.3,38.3
01/05/2014,08:00,64.3,34.9
01/05/2014,09:00,62.8,31.3
01/05/2014,10:00,60.4,29.4
01/05/2014,11:00,59.1,27.6
01/05/2014,12:00,59.2,26.2
01/05/2014,13:00,60.1,26
01/05/2014,14:00,61.5,27.2
01/05/2014,15:00,61.5,27.4
01/05/2014,16:00,62.6,28.6
01/05/2014,17:00,63.5,29.4
01/05/2014,18:00,62.6,31.6
01/05/2014,19:00,59.8,34
01/05/2014,20:00,59.9,37
01/05/2014,21:00,58.8,37.8
01/05/2014,22:00,57.1,37.2
01/05/2014,23:00,51.8,35.1
01/06/2014,00:00,44,30
01/06/2014,01:00,40.5,27.7
01/06/2014,02:00,37.3,25.5
01/06/2014,03:00,39.5,26.1
01/06/2014,04:00,46.4,28.9
01/06/2014,05:00,57.8,33
01/06/2014,06:00,64.6,36
01/06/2014,07:00,62.9,35.2
01/06/2014,08:00,62.7,32.1
01/06/2014,09:00,60.6,28.9
01/06/2014,10:00,59.1,27
01/06/2014,11:00,58.4,25.6
01/06/2014,12:00,58.8,24.7
01/06/2014,13:00,59,24.2
01/06/2014,14:00,60.2,24.9
01/06/2014,15:00,60.8,25.6
01/06/2014,16:00,60.5,25.8
01/06/2014,17:00,59.6,26.3
01/06/2014,18:00,57.4,27.6
01/06/2014,19:00,52.8,28.6
01/06/2014,20:00,52.5,30.8
01/06/2014,21:00,53.5,32.8
01/06/2014,22:00,52.4,33.4
01/06/2014,23:00,48.8,32.2
01/07/2014,00:00,35.6,24.3
01/07/2014,01:00,33.2,22.7
01/07/2014,02:00,29.6,20.4
01/07/2014,03:00,29.9,19.9
01/07/2014,04:00,37.3,22.5
01/07/2014,05:00,48.5,27.2
01/07/2014,06:00,55.4,31.1
01/07/2014,07:00,55.3,32
01/07/2014,08:00,55,30.3
01/07/2014,09:00,54.8,28.8
01/07/2014,10:00,55.3,28.1
01/07/2014,11:00,56.6,27.3
01/07/2014,12:00,57.4,26.8
01/07/2014,13:00,58.7,26.2
01/07/2014,14:00,59.6,27.3
01/07/2014,15:00,60.3,28.2
01/07/2014,16:00,60.2,28.9
01/07/2014,17:00,59.6,28.4
01/07/2014,18:00,56.7,29.7
01/07/2014,19:00,53.5,31.2
01/07/2014,20:00,49.4,31.2
01/07/2014,21:00,48.1,31.3
01/07/2014,22:00,45.8,29.8
01/07/2014,23:00,42.1,27.2
01/08/2014,00:00,33.8,23.8
01/08/2014,01:00,31.5,22.2
01/08/2014,02:00,28.4,19.9
01/08/2014,03:00,29.5,20.2
01/08/2014,04:00,36.4,23.2
01/08/2014,05:00,47.8,28.4
01/08/2014,06:00,53.5,31.2
01/08/2014,07:00,51.4,31.4
01/08/2014,08:00,49.1,28.4
01/08/2014,09:00,47.1,25.3
01/08/2014,10:00,46.2,23.4
01/08/2014,11:00,46.2,22.6
01/08/2014,12:00,46.6,22
01/08/2014,13:00,47.9,22.2
01/08/2014,14:00,49.3,23.1
01/08/2014,15:00,49.4,23.4
01/08/2014,16:00,50,24.4
01/08/2014,17:00,51.5,25.9
01/08/2014,18:00,52.4,28.6
01/08/2014,19:00,52.2,31.6
01/08/2014,20:00,52.5,33.2
01/08/2014,21:00,50.5,32.9
01/08/2014,22:00,46.5,30.7
01/08/2014,23:00,41.2,27.3
01/09/2014,00:00,47.9,36.5
01/09/2014,01:00,43.4,33
01/09/2014,02:00,40.4,29.7
01/09/2014,03:00,40.9,29
01/09/2014,04:00,46.9,31.1
01/09/2014,05:00,58.9,37
01/09/2014,06:00,68.4,43.9
01/09/2014,07:00,70.7,47
01/09/2014,08:00,71.2,45.6
01/09/2014,09:00,69.8,42.8
01/09/2014,10:00,67.1,40.2
01/09/2014,11:00,66.2,37.5
01/09/2014,12:00,65.6,34.7
01/09/2014,13:00,65.9,34.6
01/09/2014,14:00,67.3,34.9
01/09/2014,15:00,70.2,37
01/09/2014,16:00,72,39.5
01/09/2014,17:00,75,44.1
01/09/2014,18:00,78.4,51.7
01/09/2014,19:00,75.2,53
01/09/2014,20:00,69.6,50.1
01/09/2014,21:00,65.6,47.2
01/09/2014,22:00,61,43.4
01/09/2014,23:00,55.4,39.4
01/10/2014,00:00,39,26.5
01/10/2014,01:00,34.9,23.4
01/10/2014,02:00,30.8,21
01/10/2014,03:00,30.6,20.6
01/10/2014,04:00,36.6,23.4
01/10/2014,05:00,50.9,31.3
01/10/2014,06:00,64.5,40.8
01/10/2014,07:00,69.5,44.9
01/10/2014,08:00,68.4,42.7
01/10/2014,09:00,63.9,37.7
01/10/2014,10:00,60.1,33.2
01/10/2014,11:00,57.7,31.1
01/10/2014,12:00,57.9,30.4
01/10/2014,13:00,59,30.9
01/10/2014,14:00,60.5,32.2
01/10/2014,15:00,62.9,34.4
01/10/2014,16:00,67.9,38.5
01/10/2014,17:00,72.3,43.5
01/10/2014,18:00,71.1,45.6
01/10/2014,19:00,64.8,42.8
01/10/2014,20:00,58.7,39.9
01/10/2014,21:00,54.5,37
01/10/2014,22:00,50.5,33.7
01/10/2014,23:00,45.8,30.2
01/11/2014,00:00,51.4,36.9
01/11/2014,01:00,47.1,33.9
01/11/2014,02:00,42,31.4
01/11/2014,03:00,39.8,30
01/11/2014,04:00,40.6,30.2
01/11/2014,05:00,47.4,33.2
01/11/2014,06:00,61.4,39.9
01/11/2014,07:00,71.1,46.5
01/11/2014,08:00,74,49.5
01/11/2014,09:00,73.9,48.1
01/11/2014,10:00,71.4,45.1
01/11/2014,11:00,69.5,42.8
01/11/2014,12:00,68.8,41.6
01/11/2014,13:00,69.4,40.5
01/11/2014,14:00,70.7,42
01/11/2014,15:00,75.2,46.5
01/11/2014,16:00,81.1,52.6
01/11/2014,17:00,82.9,55.3
01/11/2014,18:00,81.7,55.4
01/11/2014,19:00,78.1,54.5
01/11/2014,20:00,71,51.6
01/11/2014,21:00,65.3,48
01/11/2014,22:00,61.3,44.8
01/11/2014,23:00,57.2,40.8
01/12/2014,00:00,46.1,31.5
01/12/2014,01:00,39.3,26.5
01/12/2014,02:00,32.4,23.4
01/12/2014,03:00,30.1,21.8
01/12/2014,04:00,31.3,22.1
01/12/2014,05:00,38.1,25.4
01/12/2014,06:00,52.9,33.1
01/12/2014,07:00,65.2,40.8
01/12/2014,08:00,70.3,45.7
01/12/2014,09:00,71.4,44.9
01/12/2014,10:00,70.8,41.8
01/12/2014,11:00,69.5,38.8
01/12/2014,12:00,67.3,36.7
01/12/2014,13:00,66.2,36.4
01/12/2014,14:00,67.4,38.5
01/12/2014,15:00,73.4,43.6
01/12/2014,16:00,78.5,49.1
01/12/2014,17:00,78.6,50.8
01/12/2014,18:00,76.6,49.7
01/12/2014,19:00,72.8,48.2
01/12/2014,20:00,65.7,45.1
01/12/2014,21:00,60.2,41.9
01/12/2014,22:00,56.7,38.4
01/12/2014,23:00,51.9,34.3
01/01/2015,00:00,47.5,30.9
01/01/2015,01:00,43.3,27.3
01/01/2015,02:00,35.8,24.4
01/01/2015,03:00,34,22.9
01/01/2015,04:00,36.3,23.4
01/01/2015,05:00,44.1,26.9
01/01/2015,06:00,61.4,36
01/01/2015,07:00,74.8,46
01/01/2015,08:00,82,51.5
01/01/2015,09:00,82,51
01/01/2015,10:00,75.7,45.1
01/01/2015,11:00,70.2,39.5
01/01/2015,12:00,67.4,37.3
01/01/2015,13:00,65.6,35.4
01/01/2015,14:00,65.7,35.6
01/01/2015,15:00,70,39.3
01/01/2015,16:00,74.8,44.8
01/01/2015,17:00,79.4,49.2
01/01/2015,18:00,80.2,50.7
01/01/2015,19:00,75,48.9
01/01/2015,20:00,66.7,44.7
01/01/2015,21:00,61.5,41.5
01/01/2015,22:00,58.6,39.1
01/01/2015,23:00,53.4,34.4
01/02/2015,00:00,51.1,36.5
01/02/2015,01:00,45.8,33.3
01/02/2015,02:00,40.7,29.4
01/02/2015,03:00,37.9,26.8
01/02/2015,04:00,39.3,26.4
01/02/2015,05:00,47.2,30.4
01/02/2015,06:00,65.3,39.8
01/02/2015,07:00,78.6,51.2
01/02/2015,08:00,79.8,52.4
01/02/2015,09:00,75.6,46.6
01/02/2015,10:00,69,40.3
01/02/2015,11:00,65.6,35.8
01/02/2015,12:00,65,34.3
01/02/2015,13:00,65.6,33.5
01/02/2015,14:00,66.7,35.3
01/02/2015,15:00,70.2,37.6
01/02/2015,16:00,74.6,41.4
01/02/2015,17:00,79.6,48.4
01/02/2015,18:00,83.2,52.9
01/02/2015,19:00,80.5,53.2
01/02/2015,20:00,75.2,51.6
01/02/2015,21:00,70,48.9
01/02/2015,22:00,66.2,45.7
01/02/2015,23:00,60,40.9
01/03/2015,00:00,45,32.1
01/03/2015,01:00,39.4,28.8
01/03/2015,02:00,33.6,24.9
01/03/2015,03:00,32.4,23.5
01/03/2015,04:00,35.6,24.8
01/03/2015,05:00,45.2,30
01/03/2015,06:00,61.1,39.2
01/03/2015,07:00,69.9,46
01/03/2015,08:00,67,43.2
01/03/2015,09:00,61.3,37.5
01/03/2015,10:00,57.2,32.6
01/03/2015,11:00,56.2,30.5
01/03/2015,12:00,56.4,29.3
01/03/2015,13:00,56.6,29
01/03/2015,14:00,57.9,29.8
01/03/2015,15:00,60.1,32
01/03/2015,16:00,62.3,34.4
01/03/2015,17:00,67.8,39.8
01/03/2015,18:00,72.5,46.4
01/03/2015,19:00,70.1,47.2
01/03/2015,20:00,63.7,44.2
01/03/2015,21:00,59.5,41.9
01/03/2015,22:00,57.4,39.6
01/03/2015,23:00,51.1,35
01/04/2015,00:00,41.1,30.3
01/04/2015,01:00,37.1,27.5
01/04/2015,02:00,34.7,25.1
01/04/2015,03:00,37,26.1
01/04/2015,04:00,45.5,30.8
01/04/2015,05:00,62,39.3
01/04/2015,06:00,70.2,45.4
01/04/2015,07:00,68.3,44.5
01/04/2015,08:00,64.7,39.8
01/04/2015,09:00,60.8,34.6
01/04/2015,10:00,58.3,31.2
01/04/2015,11:00,56.9,28.9
01/04/2015,12:00,56.5,27.4
01/04/2015,13:00,57.1,27.2
01/04/2015,14:00,58.6,27.8
01/04/2015,15:00,60.3,29.2
01/04/2015,16:00,62.6,30.5
01/04/2015,17:00,63.9,33.7
01/04/2015,18:00,64.9,37.7
01/04/2015,19:00,63.9,41.3
01/04/2015,20:00,61.4,42.1
01/04/2015,21:00,57.7,40.8
01/04/2015,22:00,54.5,37.9
01/04/2015,23:00,49.8,34.9
01/05/2015,00:00,36.4,23.3
01/05/2015,01:00,31.4,21.2
01/05/2015,02:00,29,18.8
01/05/2015,03:00,30.4,18.7
01/05/2015,04:00,38.5,22.1
01/05/2015,05:00,51.6,27.1
01/05/2015,06:00,58.2,30.3
01/05/2015,07:00,57.5,30.5
01/05/2015,08:00,54.6,27.5
01/05/2015,09:00,53,24.3
01/05/2015,10:00,52.1,23.1
01/05/2015,11:00,52.1,22.4
01/05/2015,12:00,52.5,21.7
01/05/2015,13:00,52.9,22.3
01/05/2015,14:00,55,23
01/05/2015,15:00,55.2,23.5
01/05/2015,16:00,55.4,24
01/05/2015,17:00,54.8,24.2
01/05/2015,18:00,53.2,25.5
01/05/2015,19:00,51.4,26.7
01/05/2015,20:00,50,27.8
01/05/2015,21:00,49.9,28.8
01/05/2015,22:00,47.6,28.2
01/05/2015,23:00,42.5,25.8
01/06/2015,00:00,36.3,25.1
01/06/2015,01:00,32.2,23.1
01/06/2015,02:00,30,21.4
01/06/2015,03:00,31.8,21.4
01/06/2015,04:00,39.2,24.4
01/06/2015,05:00,52.2,29.3
01/06/2015,06:00,59.8,33.7
01/06/2015,07:00,60.1,33.1
01/06/2015,08:00,58.9,29.9
01/06/2015,09:00,56.7,27
01/06/2015,10:00,54.5,24.8
01/06/2015,11:00,54.9,23.5
01/06/2015,12:00,55.3,23.1
01/06/2015,13:00,57,23.8
01/06/2015,14:00,57.4,23
01/06/2015,15:00,58.1,23.1
01/06/2015,16:00,58.4,23.6
01/06/2015,17:00,59.5,24.1
01/06/2015,18:00,56.1,25.6
01/06/2015,19:00,52.4,27
01/06/2015,20:00,51.4,29.4
01/06/2015,21:00,49.9,29.9
01/06/2015,22:00,47.4,28.9
01/06/2015,23:00,43.3,27.3
01/07/2015,00:00,35.6,22.7
01/07/2015,01:00,32.5,21.7
01/07/2015,02:00,30.6,20.8
01/07/2015,03:00,32.4,21
01/07/2015,04:00,39.3,24.3
01/07/2015,05:00,50.7,28.2
01/07/2015,06:00,56.3,30.2
01/07/2015,07:00,56.2,29
01/07/2015,08:00,55.4,26.8
01/07/2015,09:00,54.5,24.4
01/07/2015,10:00,54,22.8
01/07/2015,11:00,54.9,22
01/07/2015,12:00,54.7,21.2
01/07/2015,13:00,55.5,21
01/07/2015,14:00,56,21.1
01/07/2015,15:00,56.9,21
01/07/2015,16:00,59,21.4
01/07/2015,17:00,59.2,22.3
01/07/2015,18:00,55.8,23.7
01/07/2015,19:00,52.2,24.1
01/07/2015,20:00,49,25.8
01/07/2015,21:00,48.3,26.5
01/07/2015,22:00,47,26.7
01/07/2015,23:00,42.2,24.7
01/08/2015,00:00,37.9,27.1
01/08/2015,01:00,33.8,25.1
01/08/2015,02:00,31.9,22.3
01/08/2015,03:00,33,22.1
01/08/2015,04:00,39.4,24.7
01/08/2015,05:00,51,29.9
01/08/2015,06:00,55.4,32.4
01/08/2015,07:00,53.4,30.9
01/08/2015,08:00,51.6,27.3
01/08/2015,09:00,50.3,24.5
01/08/2015,10:00,51,23.2
01/08/2015,11:00,51.3,22.4
01/08/2015,12:00,52,21.9
01/08/2015,13:00,52.8,21.4
01/08/2015,14:00,54,22
01/08/2015,15:00,54.9,22.7
01/08/2015,16:00,57.4,23.8
01/08/2015,17:00,56.7,25.1
01/08/2015,18:00,56.8,28.1
01/08/2015,19:00,55.1,31
01/08/2015,20:00,53.2,32.5
01/08/2015,21:00,51.7,32.4
01/08/2015,22:00,47.9,30.7
01/08/2015,23:00,43.7,28.6
01/09/2015,00:00,42.9,31.8
01/09/2015,01:00,38,29.1
01/09/2015,02:00,36.2,26
01/09/2015,03:00,37.8,25.8
01/09/2015,04:00,44.7,28.7
01/09/2015,05:00,59.3,35.6
01/09/2015,06:00,67.7,41.3
01/09/2015,07:00,68.7,41.9
01/09/2015,08:00,66.1,37.8
01/09/2015,09:00,60.8,32.1
01/09/2015,10:00,57.9,27.5
01/09/2015,11:00,55.5,24.8
01/09/2015,12:00,54.7,23.5
01/09/2015,13:00,56,24.1
01/09/2015,14:00,58.3,24.7
01/09/2015,15:00,60,25.9
01/09/2015,16:00,63.4,28.3
01/09/2015,17:00,68.2,33.3
01/09/2015,18:00,70.9,40.5
01/09/2015,19:00,67.8,43.1
01/09/2015,20:00,63.2,41.9
01/09/2015,21:00,61,40.4
01/09/2015,22:00,56.9,37.9
01/09/2015,23:00,51.5,35.4
01/10/2015,00:00,42.2,31.1
01/10/2015,01:00,37,27.9
01/10/2015,02:00,34.1,24.8
01/10/2015,03:00,34.3,24
01/10/2015,04:00,39.5,25.7
01/10/2015,05:00,53.2,32.1
01/10/2015,06:00,64.4,39.4
01/10/2015,07:00,69,43.3
01/10/2015,08:00,67.9,41.5
01/10/2015,09:00,64.9,37.8
01/10/2015,10:00,61.9,33.7
01/10/2015,11:00,60.6,30.5
01/10/2015,12:00,60,28.9
01/10/2015,13:00,61.6,29.4
01/10/2015,14:00,64.6,31.5
01/10/2015,15:00,67.7,34
01/10/2015,16:00,72.3,38.9
01/10/2015,17:00,76.2,45.7
01/10/2015,18:00,76,48.3
01/10/2015,19:00,69.8,47.3
01/10/2015,20:00,63.4,43.7
01/10/2015,21:00,59.2,40.7
01/10/2015,22:00,55,38
01/10/2015,23:00,49.7,35
01/11/2015,00:00,40.1,22.5
01/11/2015,01:00,33.8,20.8
01/11/2015,02:00,29.1,18.4
01/11/2015,03:00,27.9,17
01/11/2015,04:00,29.7,17.3
01/11/2015,05:00,37.8,20.8
01/11/2015,06:00,53,27.4
01/11/2015,07:00,65.4,36.2
01/11/2015,08:00,68.2,39.1
01/11/2015,09:00,66.8,37.4
01/11/2015,10:00,64.4,33.9
01/11/2015,11:00,63.2,32.2
01/11/2015,12:00,63.5,31.7
01/11/2015,13:00,62,30.8
01/11/2015,14:00,62.1,30.8
01/11/2015,15:00,64.5,33.2
01/11/2015,16:00,68.4,36.4
01/11/2015,17:00,68.5,37.6
01/11/2015,18:00,66.9,37.1
01/11/2015,19:00,62.3,35.5
01/11/2015,20:00,55.2,32.2
01/11/2015,21:00,50.3,28.9
01/11/2015,22:00,47.2,26.5
01/11/2015,23:00,43.9,24.1
01/12/2015,00:00,33.3,16.7
01/12/2015,01:00,27,15.2
01/12/2015,02:00,22.5,12.8
01/12/2015,03:00,21,11.5
01/12/2015,04:00,22.3,12
01/12/2015,05:00,29.2,14.9
01/12/2015,06:00,43.2,21.8
01/12/2015,07:00,53.6,28.4
01/12/2015,08:00,57.6,32.3
01/12/2015,09:00,57.5,31.5
01/12/2015,10:00,56.3,28.3
01/12/2015,11:00,55.6,26.4
01/12/2015,12:00,54.9,25.5
01/12/2015,13:00,56.2,25.7
01/12/2015,14:00,57.1,26.5
01/12/2015,15:00,60.8,29.5
01/12/2015,16:00,63.2,32.1
01/12/2015,17:00,63.9,33
01/12/2015,18:00,62,32.4
01/12/2015,19:00,56.6,29.8
01/12/2015,20:00,51.5,27.5
01/12/2015,21:00,45.1,24.7
01/12/2015,22:00,42.9,22.6
01/12/2015,23:00,38.8,19.7
01/01/2016,00:00,43.6,29.8
01/01/2016,01:00,38.1,27.1
01/01/2016,02:00,34.4,24.7
01/01/2016,03:00,33.6,23.2
01/01/2016,04:00,35.9,24.2
01/01/2016,05:00,44.5,28
01/01/2016,06:00,59.8,36.9
01/01/2016,07:00,71.9,46.1
01/01/2016,08:00,75.8,50.9
01/01/2016,09:00,75.2,49.4
01/01/2016,10:00,71.3,44.6
01/01/2016,11:00,66,39.3
01/01/2016,12:00,63.8,36.2
01/01/2016,13:00,64.3,35.4
01/01/2016,14:00,66.1,36.7
01/01/2016,15:00,70.2,40.6
01/01/2016,16:00,75.7,46
01/01/2016,17:00,77.3,48
01/01/2016,18:00,75.1,47.3
01/01/2016,19:00,70.8,46
01/01/2016,20:00,64.8,43.7
01/01/2016,21:00,58.8,40.9
01/01/2016,22:00,54.9,37.6
01/01/2016,23:00,48.9,33.3
01/02/2016,00:00,47.9,33.8
01/02/2016,01:00,41.1,30.4
01/02/2016,02:00,36.9,28.2
01/02/2016,03:00,35.2,26.3
01/02/2016,04:00,36.9,26.5
01/02/2016,05:00,45.9,29.8
01/02/2016,06:00,62.9,38.7
01/02/2016,07:00,74.7,47.2
01/02/2016,08:00,76.6,49.2
01/02/2016,09:00,71.5,44.8
01/02/2016,10:00,64.9,37.9
01/02/2016,11:00,59.6,31.8
01/02/2016,12:00,55.9,27.3
01/02/2016,13:00,55.5,26.1
01/02/2016,14:00,56.5,27.1
01/02/2016,15:00,58.4,28.9
01/02/2016,16:00,64.1,32.9
01/02/2016,17:00,70.4,40.6
01/02/2016,18:00,74.7,47.5
01/02/2016,19:00,74.1,49.9
01/02/2016,20:00,67.8,47.7
01/02/2016,21:00,62.6,44.5
01/02/2016,22:00,59.7,41.6
01/02/2016,23:00,54.6,37.8
01/03/2016,00:00,47,33
01/03/2016,01:00,40,29.2
01/03/2016,02:00,35,25.9
01/03/2016,03:00,33.9,24.7
01/03/2016,04:00,36.5,25.7
01/03/2016,05:00,45.5,29.7
01/03/2016,06:00,60.6,37.4
01/03/2016,07:00,67.7,42.4
01/03/2016,08:00,66,40.7
01/03/2016,09:00,63.6,36.8
01/03/2016,10:00,60.6,32.2
01/03/2016,11:00,59,28.9
01/03/2016,12:00,58.4,27.2
01/03/2016,13:00,58.8,26.9
01/03/2016,14:00,60.5,28.1
01/03/2016,15:00,63,30.4
01/03/2016,16:00,66.5,33.2
01/03/2016,17:00,69.9,38
01/03/2016,18:00,73.6,43.5
01/03/2016,19:00,71.5,45.3
01/03/2016,20:00,66.6,43.4
01/03/2016,21:00,63,42.6
01/03/2016,22:00,59.9,41.2
01/03/2016,23:00,55.1,37.8
01/04/2016,00:00,45.4,31
01/04/2016,01:00,39.6,27.3
01/04/2016,02:00,37.1,24.8
01/04/2016,03:00,38.9,24.9
01/04/2016,04:00,49.2,29.5
01/04/2016,05:00,66.9,38.3
01/04/2016,06:00,76,43.1
01/04/2016,07:00,72.6,40.8
01/04/2016,08:00,67.5,34.4
01/04/2016,09:00,62.1,27.6
01/04/2016,10:00,58.9,23.7
01/04/2016,11:00,57.2,21.6
01/04/2016,12:00,57.7,21.2
01/04/2016,13:00,59.6,22.2
01/04/2016,14:00,60.5,22.9
01/04/2016,15:00,61.4,23.9
01/04/2016,16:00,63,25.3
01/04/2016,17:00,64.8,28
01/04/2016,18:00,65.1,31.9
01/04/2016,19:00,64.4,36
01/04/2016,20:00,64.5,38.8
01/04/2016,21:00,64.3,39.3
01/04/2016,22:00,60.2,37.7
01/04/2016,23:00,53.8,34
01/05/2016,00:00,38.8,25.9
01/05/2016,01:00,34.1,23.8
01/05/2016,02:00,32.2,21.8
01/05/2016,03:00,34,22.1
01/05/2016,04:00,41.7,25.2
01/05/2016,05:00,54.3,30.3
01/05/2016,06:00,60.4,33.2
01/05/2016,07:00,59.4,32.4
01/05/2016,08:00,57.2,29
01/05/2016,09:00,55,25.2
01/05/2016,10:00,53.6,22.9
01/05/2016,11:00,53.3,21.8
01/05/2016,12:00,53.8,21.2
01/05/2016,13:00,54.3,21.4
01/05/2016,14:00,55.9,22.2
01/05/2016,15:00,56.8,23.1
01/05/2016,16:00,57.2,24.1
01/05/2016,17:00,57,25
01/05/2016,18:00,56.3,26.8
01/05/2016,19:00,54.8,28.8
01/05/2016,20:00,53.8,30.7
01/05/2016,21:00,53.7,31.8
01/05/2016,22:00,50.3,30.4
01/05/2016,23:00,44.7,27.7
01/06/2016,00:00,35.1,23.7
01/06/2016,01:00,30.8,21.4
01/06/2016,02:00,28.3,19.5
01/06/2016,03:00,30,19.5
01/06/2016,04:00,36.9,21.9
01/06/2016,05:00,48.6,26.1
01/06/2016,06:00,55.6,29.8
01/06/2016,07:00,56.9,30.1
01/06/2016,08:00,56.1,28.1
01/06/2016,09:00,54.6,25.7
01/06/2016,10:00,53,23.6
01/06/2016,11:00,53.3,22.4
01/06/2016,12:00,53.7,21.9
01/06/2016,13:00,54.4,22.3
01/06/2016,14:00,55.6,22.6
01/06/2016,15:00,56.5,23.2
01/06/2016,16:00,56.8,23.9
01/06/2016,17:00,57.7,24.6
01/06/2016,18:00,55.3,26.1
01/06/2016,19:00,52.3,27.6
01/06/2016,20:00,50.6,29.3
01/06/2016,21:00,49.2,30.1
01/06/2016,22:00,46.4,28.4
01/06/2016,23:00,42.1,26.3
01/07/2016,00:00,31.7,20.3
01/07/2016,01:00,27.7,18.5
01/07/2016,02:00,26.2,17.9
01/07/2016,03:00,27.3,18.2
01/07/2016,04:00,33.1,19.9
01/07/2016,05:00,42,22.5
01/07/2016,06:00,48.4,24.3
01/07/2016,07:00,49.1,24.5
01/07/2016,08:00,49.9,22.8
01/07/2016,09:00,49.7,20.4
01/07/2016,10:00,48.4,18.5
01/07/2016,11:00,49.4,17.6
01/07/2016,12:00,50.6,17.6
01/07/2016,13:00,51.9,18
01/07/2016,14:00,53.7,18.8
01/07/2016,15:00,55.1,19.4
01/07/2016,16:00,55.5,20.4
01/07/2016,17:00,55.6,20.8
01/07/2016,18:00,53.6,22.3
01/07/2016,19:00,51.1,24.4
01/07/2016,20:00,48.9,26.8
01/07/2016,21:00,47.6,28
01/07/2016,22:00,44.5,26.3
01/07/2016,23:00,39.7,23.9
01/08/2016,00:00,35.5,24
01/08/2016,01:00,31.1,21.3
01/08/2016,02:00,28.8,19.6
01/08/2016,03:00,29.6,19.6
01/08/2016,04:00,34.8,21.6
01/08/2016,05:00,44.8,25.9
01/08/2016,06:00,51.4,29
01/08/2016,07:00,51.7,28.7
01/08/2016,08:00,51.7,26
01/08/2016,09:00,50.4,22.6
01/08/2016,10:00,50,20.2
01/08/2016,11:00,50.6,19.2
01/08/2016,12:00,52.1,18.5
01/08/2016,13:00,53.5,18.2
01/08/2016,14:00,55,18.5
01/08/2016,15:00,56,18.8
01/08/2016,16:00,56.9,19.6
01/08/2016,17:00,57.1,21.5
01/08/2016,18:00,55.8,24.9
01/08/2016,19:00,53.5,28.8
01/08/2016,20:00,51.3,30.2
01/08/2016,21:00,50.6,31.1
01/08/2016,22:00,47.6,30.2
01/08/2016,23:00,42.4,27.6
01/09/2016,00:00,40.4,27.2
01/09/2016,01:00,35.3,24.8
01/09/2016,02:00,33.1,23
01/09/2016,03:00,33.6,22.3
01/09/2016,04:00,39.7,24.4
01/09/2016,05:00,52.9,30.5
01/09/2016,06:00,62.7,36
01/09/2016,07:00,63.2,36.6
01/09/2016,08:00,61,32.8
01/09/2016,09:00,57.9,27.2
01/09/2016,10:00,56.8,23.6
01/09/2016,11:00,55.6,21.3
01/09/2016,12:00,56.4,20.5
01/09/2016,13:00,58.1,20.3
01/09/2016,14:00,59.3,21.2
01/09/2016,15:00,62.4,22.2
01/09/2016,16:00,64.4,24.9
01/09/2016,17:00,67.3,28.6
01/09/2016,18:00,68.9,34.6
01/09/2016,19:00,65.4,37.5
01/09/2016,20:00,60.1,36.7
01/09/2016,21:00,56.8,35.9
01/09/2016,22:00,53.5,33.9
01/09/2016,23:00,48.4,30.7
01/10/2016,00:00,43.8,29
01/10/2016,01:00,38.6,27
01/10/2016,02:00,35.5,24.7
01/10/2016,03:00,36.2,24
01/10/2016,04:00,42.1,26
01/10/2016,05:00,55.4,32.4
01/10/2016,06:00,65.7,39.4
01/10/2016,07:00,68.3,41.9
01/10/2016,08:00,65.5,38.5
01/10/2016,09:00,62.8,34.1
01/10/2016,10:00,60,30.2
01/10/2016,11:00,58.6,27.6
01/10/2016,12:00,58,26.6
01/10/2016,13:00,59.3,26.3
01/10/2016,14:00,61.6,27.6
01/10/2016,15:00,64.6,30.3
01/10/2016,16:00,69.1,35.2
01/10/2016,17:00,74.8,41.9
01/10/2016,18:00,75.1,46.2
01/10/2016,19:00,70.1,46
01/10/2016,20:00,64.9,43.4
01/10/2016,21:00,61.5,40.3
01/10/2016,22:00,56.8,36.6
01/10/2016,23:00,50.5,32.8
01/11/2016,00:00,53.1,36
01/11/2016,01:00,45.3,32.3
01/11/2016,02:00,39.7,28.3
01/11/2016,03:00,37.2,26.4
01/11/2016,04:00,38.4,26.6
01/11/2016,05:00,45.9,29.6
01/11/2016,06:00,62.3,37
01/11/2016,07:00,74.6,45.9
01/11/2016,08:00,77.1,49
01/11/2016,09:00,76.1,46.5
01/11/2016,10:00,72.7,42.4
01/11/2016,11:00,69.6,39
01/11/2016,12:00,67.4,36.5
01/11/2016,13:00,67.2,35.6
01/11/2016,14:00,69.4,37.1
01/11/2016,15:00,76,42.5
01/11/2016,16:00,83.8,50
01/11/2016,17:00,87.9,54.9
01/11/2016,18:00,87.9,56.1
01/11/2016,19:00,83.1,55.1
01/11/2016,20:00,75.6,51.4
01/11/2016,21:00,70,48
01/11/2016,22:00,65.8,44.9
01/11/2016,23:00,61.4,41.3
01/12/2016,00:00,62.2,46.6
01/12/2016,01:00,55.5,44
01/12/2016,02:00,49.5,39.9
01/12/2016,03:00,47.2,37.6
01/12/2016,04:00,47.7,37.5
01/12/2016,05:00,52.8,39.5
01/12/2016,06:00,63.6,45.5
01/12/2016,07:00,71.9,51.3
01/12/2016,08:00,76.8,55.2
01/12/2016,09:00,78.4,55.7
01/12/2016,10:00,77.5,53.7
01/12/2016,11:00,75.1,50.3
01/12/2016,12:00,73.3,47.8
01/12/2016,13:00,73.1,46.6
01/12/2016,14:00,74.3,47.7
01/12/2016,15:00,78,51.8
01/12/2016,16:00,83.3,56.6
01/12/2016,17:00,84.8,58.7
01/12/2016,18:00,84.2,59.2
01/12/2016,19:00,81.4,58
01/12/2016,20:00,76.5,55.9
01/12/2016,21:00,71.8,53.2
01/12/2016,22:00,69.2,50.4
01/12/2016,23:00,65.3,47.1
01/01/2017,00:00,60.2,45.8
01/01/2017,01:00,53.6,43.4
01/01/2017,02:00,48.5,39.1
01/01/2017,03:00,46.3,36.7
01/01/2017,04:00,47,36.3
01/01/2017,05:00,54.1,38.8
01/01/2017,06:00,68.1,46.1
01/01/2017,07:00,77.9,54.2
01/01/2017,08:00,81.4,58.3
01/01/2017,09:00,83.4,57.7
01/01/2017,10:00,79.1,53.2
01/01/2017,11:00,75.5,49
01/01/2017,12:00,74.3,46.4
01/01/2017,13:00,73.4,45.5
01/01/2017,14:00,74.5,46.3
01/01/2017,15:00,78.5,50.6
01/01/2017,16:00,85,57
01/01/2017,17:00,88.7,62.2
01/01/2017,18:00,88.6,64.1
01/01/2017,19:00,86.1,63
01/01/2017,20:00,81.2,61.3
01/01/2017,21:00,76.4,58
01/01/2017,22:00,72.8,54.4
01/01/2017,23:00,67.2,50.3
01/02/2017,00:00,40.8,27
01/02/2017,01:00,34,24.3
01/02/2017,02:00,29.7,21.2
01/02/2017,03:00,28.8,20.2
01/02/2017,04:00,31.2,21
01/02/2017,05:00,39.9,25.4
01/02/2017,06:00,55.6,34.4
01/02/2017,07:00,65.6,41.9
01/02/2017,08:00,67,42.9
01/02/2017,09:00,66.1,39.8
01/02/2017,10:00,63,37
01/02/2017,11:00,61.9,34.6
01/02/2017,12:00,60.3,33.4
01/02/2017,13:00,59.6,32.2
01/02/2017,14:00,59.8,32.3
01/02/2017,15:00,61.8,33.5
01/02/2017,16:00,65.4,37.6
01/02/2017,17:00,70.2,43.4
01/02/2017,18:00,71.6,46.2
01/02/2017,19:00,67.6,44.5
01/02/2017,20:00,60.8,40.5
01/02/2017,21:00,54.7,37.4
01/02/2017,22:00,51.1,34
01/02/2017,23:00,46.1,29.3
01/03/2017,00:00,40.7,28.6
01/03/2017,01:00,33.5,25.4
01/03/2017,02:00,29.3,21.4
01/03/2017,03:00,28.7,20.3
01/03/2017,04:00,32.6,21.8
01/03/2017,05:00,42.1,26.6
01/03/2017,06:00,56.3,35.7
01/03/2017,07:00,63,41
01/03/2017,08:00,62.2,38.6
01/03/2017,09:00,59.8,34.4
01/03/2017,10:00,56.6,30.5
01/03/2017,11:00,54.7,28
01/03/2017,12:00,52.7,25.8
01/03/2017,13:00,52.7,25
01/03/2017,14:00,54.2,25.6
01/03/2017,15:00,58.1,27.1
01/03/2017,16:00,60.7,29.5
01/03/2017,17:00,65.4,35.4
01/03/2017,18:00,69.8,42.5
01/03/2017,19:00,69,45.6
01/03/2017,20:00,64.6,44.7
01/03/2017,21:00,59.5,41.6
01/03/2017,22:00,54,37.6
01/03/2017,23:00,48.6,33
01/04/2017,00:00,41.5,29.2
01/04/2017,01:00,36.3,28.3
01/04/2017,02:00,34.9,25.9
01/04/2017,03:00,36.4,25.5
01/04/2017,04:00,44,28.8
01/04/2017,05:00,58,35.9
01/04/2017,06:00,63.6,39.6
01/04/2017,07:00,60.9,37.5
01/04/2017,08:00,56.8,32.2
01/04/2017,09:00,55.3,27.7
01/04/2017,10:00,53,24.2
01/04/2017,11:00,51.4,21.5
01/04/2017,12:00,50.5,20.7
01/04/2017,13:00,50.5,20.7
01/04/2017,14:00,51.6,21.4
01/04/2017,15:00,52.4,22.1
01/04/2017,16:00,53.5,23.6
01/04/2017,17:00,55.6,25.9
01/04/2017,18:00,55.6,29.6
01/04/2017,19:00,55,32.9
01/04/2017,20:00,54.7,34.7
01/04/2017,21:00,55.8,36.1
01/04/2017,22:00,52.8,34.3
01/04/2017,23:00,47.6,31.2
01/05/2017,00:00,35.2,25.3
01/05/2017,01:00,31.2,24.3
01/05/2017,02:00,29.2,22.1
01/05/2017,03:00,31.1,22.7
01/05/2017,04:00,38.2,25.4
01/05/2017,05:00,48.9,30.4
01/05/2017,06:00,54.8,33.5
01/05/2017,07:00,55,32.5
01/05/2017,08:00,54.2,29.9
01/05/2017,09:00,51.9,26.2
01/05/2017,10:00,50.7,24.2
01/05/2017,11:00,51,23.2
01/05/2017,12:00,50.1,22.1
01/05/2017,13:00,50.9,22.8
01/05/2017,14:00,52.3,23.5
01/05/2017,15:00,53.6,24.5
01/05/2017,16:00,53.4,25.3
01/05/2017,17:00,54.1,26.5
01/05/2017,18:00,52.2,27.8
01/05/2017,19:00,51.3,29.6
01/05/2017,20:00,50.8,32
01/05/2017,21:00,49.4,31.9
01/05/2017,22:00,46.1,29.6
01/05/2017,23:00,42.2,27.8
01/06/2017,00:00,33.6,22
01/06/2017,01:00,28.8,21.6
01/06/2017,02:00,27.4,19.7
01/06/2017,03:00,29.2,20.2
01/06/2017,04:00,36,22.2
01/06/2017,05:00,45.7,25.4
01/06/2017,06:00,50.9,27.5
01/06/2017,07:00,51.3,27.1
01/06/2017,08:00,51.2,24.9
01/06/2017,09:00,50.7,22.5
01/06/2017,10:00,49.5,20.5
01/06/2017,11:00,50,19.6
01/06/2017,12:00,50.2,19.3
01/06/2017,13:00,51,19.5
01/06/2017,14:00,53,19.8
01/06/2017,15:00,54.3,20.7
01/06/2017,16:00,54.3,22.1
01/06/2017,17:00,53.7,22.5
01/06/2017,18:00,51.2,23.1
01/06/2017,19:00,47.1,23.7
01/06/2017,20:00,44.6,25.3
01/06/2017,21:00,45.6,26.3
01/06/2017,22:00,44.3,25.6
01/06/2017,23:00,40.2,24.1
01/07/2017,00:00,30.5,21.5
01/07/2017,01:00,25.4,19.6
01/07/2017,02:00,23.6,17
01/07/2017,03:00,25.4,17.3
01/07/2017,04:00,31.6,19.9
01/07/2017,05:00,40.1,23.1
01/07/2017,06:00,44.4,24.4
01/07/2017,07:00,44,23.7
01/07/2017,08:00,43.9,21.7
01/07/2017,09:00,44.3,19.6
01/07/2017,10:00,44.1,18.3
01/07/2017,11:00,45.1,18
01/07/2017,12:00,45.6,18.2
01/07/2017,13:00,47.3,18.4
01/07/2017,14:00,48.4,18.5
01/07/2017,15:00,50.3,19
01/07/2017,16:00,51.2,20
01/07/2017,17:00,51.7,20.9
01/07/2017,18:00,48.8,22.2
01/07/2017,19:00,47.2,23.8
01/07/2017,20:00,46.6,26.1
01/07/2017,21:00,47,27.3
01/07/2017,22:00,43.2,26.5
01/07/2017,23:00,37.7,24
01/08/2017,00:00,33.9,25.7
01/08/2017,01:00,29.4,23.2
01/08/2017,02:00,28,21.2
01/08/2017,03:00,29.1,21.2
01/08/2017,04:00,35.3,23.3
01/08/2017,05:00,46.1,27.4
01/08/2017,06:00,50.9,29.8
01/08/2017,07:00,49.2,29.8
01/08/2017,08:00,47.5,27
01/08/2017,09:00,45.9,23.4
01/08/2017,10:00,45.3,21.4
01/08/2017,11:00,45.5,19.9
01/08/2017,12:00,45.5,19
01/08/2017,13:00,46.1,18.8
01/08/2017,14:00,47.5,19.1
01/08/2017,15:00,48.5,19.4
01/08/2017,16:00,49.8,20.5
01/08/2017,17:00,50.4,21.7
01/08/2017,18:00,50.4,24.7
01/08/2017,19:00,51,29
01/08/2017,20:00,49.8,31.2
01/08/2017,21:00,48.8,31.2
01/08/2017,22:00,46.3,30.4
01/08/2017,23:00,41.8,28.5
01/09/2017,00:00,35.8,26.7
01/09/2017,01:00,31.4,24.2
01/09/2017,02:00,29,21.4
01/09/2017,03:00,29.6,20.7
01/09/2017,04:00,35.3,22.8
01/09/2017,05:00,47.1,28.6
01/09/2017,06:00,54.9,33.4
01/09/2017,07:00,55.4,34.2
01/09/2017,08:00,52.4,30.7
01/09/2017,09:00,49.9,26
01/09/2017,10:00,48.1,23.4
01/09/2017,11:00,47.9,21.9
01/09/2017,12:00,48.7,21.2
01/09/2017,13:00,49.3,21.5
01/09/2017,14:00,51.2,22.8
01/09/2017,15:00,53.5,24.4
01/09/2017,16:00,54.9,26.6
01/09/2017,17:00,58,30.1
01/09/2017,18:00,61,36.1
01/09/2017,19:00,60,38.1
01/09/2017,20:00,54.7,36.7
01/09/2017,21:00,50.8,33.6
01/09/2017,22:00,47.2,31.3
01/09/2017,23:00,41.9,28.6
01/10/2017,00:00,32.3,23.4
01/10/2017,01:00,27.7,20.5
01/10/2017,02:00,25.5,17.4
01/10/2017,03:00,25.9,17.2
01/10/2017,04:00,32.3,19.4
01/10/2017,05:00,44.6,26.1
01/10/2017,06:00,55.2,33.2
01/10/2017,07:00,57.9,36.7
01/10/2017,08:00,54.5,34
01/10/2017,09:00,50.9,29
01/10/2017,10:00,49.4,26.2
01/10/2017,11:00,48.2,24.6
01/10/2017,12:00,47.9,23.4
01/10/2017,13:00,48,23.2
01/10/2017,14:00,49.6,24.3
01/10/2017,15:00,52.3,26.8
01/10/2017,16:00,56.6,31.5
01/10/2017,17:00,61.5,36.2
01/10/2017,18:00,63.4,39.6
01/10/2017,19:00,61,40.1
01/10/2017,20:00,55.3,38
01/10/2017,21:00,51.1,34.6
01/10/2017,22:00,46.6,31.4
01/10/2017,23:00,40.6,27.4
01/11/2017,00:00,47.7,36.1
01/11/2017,01:00,40.4,31.3
01/11/2017,02:00,35.7,27.6
01/11/2017,03:00,33.5,25.3
01/11/2017,04:00,34.5,25.3
01/11/2017,05:00,41.6,28
01/11/2017,06:00,54.9,34.9
01/11/2017,07:00,64.3,42
01/11/2017,08:00,65.5,44.5
01/11/2017,09:00,63.4,42.1
01/11/2017,10:00,60.8,37.6
01/11/2017,11:00,58.3,34.4
01/11/2017,12:00,56.4,32.3
01/11/2017,13:00,55.9,32
01/11/2017,14:00,58,33.7
01/11/2017,15:00,63.6,39.1
01/11/2017,16:00,71,46.8
01/11/2017,17:00,74.4,51.3
01/11/2017,18:00,74.4,52.2
01/11/2017,19:00,71.5,51.5
01/11/2017,20:00,66.4,49.3
01/11/2017,21:00,62.6,46.5
01/11/2017,22:00,59.1,43.4
01/11/2017,23:00,54.3,39.8
01/12/2017,00:00,43.8,31.6
01/12/2017,01:00,37.5,28.2
01/12/2017,02:00,32.4,24.4
01/12/2017,03:00,29.1,21.7
01/12/2017,04:00,29.8,21.3
01/12/2017,05:00,35.4,23.9
01/12/2017,06:00,46,30.6
01/12/2017,07:00,54.7,37.6
01/12/2017,08:00,57.7,40.9
01/12/2017,09:00,58.9,40.1
01/12/2017,10:00,59.2,38.2
01/12/2017,11:00,57.8,36.6
01/12/2017,12:00,57.8,35.7
01/12/2017,13:00,58.5,36
01/12/2017,14:00,60.1,37.5
01/12/2017,15:00,63.5,41.3
01/12/2017,16:00,66.8,45.3
01/12/2017,17:00,67.6,47.1
01/12/2017,18:00,68.6,47.6
01/12/2017,19:00,64.7,45.9
01/12/2017,20:00,59.5,43
01/12/2017,21:00,55.6,40
01/12/2017,22:00,53.4,38.1
01/12/2017,23:00,49.9,34.9
01/01/2018,00:00,34.4,25.5
01/01/2018,01:00,29.7,23.4
01/01/2018,02:00,27.2,20.7
01/01/2018,03:00,26.5,20.2
01/01/2018,04:00,27.9,20.7
01/01/2018,05:00,34.8,23.9
01/01/2018,06:00,47,30.8
01/01/2018,07:00,56.1,38.8
01/01/2018,08:00,59.6,42.2
01/01/2018,09:00,58.9,40.6
01/01/2018,10:00,55.9,36.7
01/01/2018,11:00,52.8,33.1
01/01/2018,12:00,50.3,30.6
01/01/2018,13:00,49.6,29.4
01/01/2018,14:00,49.7,30.3
01/01/2018,15:00,53.8,33.9
01/01/2018,16:00,58.3,38.4
01/01/2018,17:00,60.3,41
01/01/2018,18:00,61,41.7
01/01/2018,19:00,57.1,39.9
01/01/2018,20:00,51.4,36.2
01/01/2018,21:00,47.7,33.7
01/01/2018,22:00,44.5,30.8
01/01/2018,23:00,40.2,27.6
01/02/2018,00:00,42.9,33.2
01/02/2018,01:00,36.8,30.3
01/02/2018,02:00,33,26.5
01/02/2018,03:00,32,25.3
01/02/2018,04:00,34.1,25.9
01/02/2018,05:00,41.9,29.7
01/02/2018,06:00,57.7,39.7
01/02/2018,07:00,67.7,48.2
01/02/2018,08:00,66.9,47.7
01/02/2018,09:00,60.9,41
01/02/2018,10:00,54.1,33.3
01/02/2018,11:00,50.2,29.3
01/02/2018,12:00,49,27.8
01/02/2018,13:00,47.9,26.7
01/02/2018,14:00,48.7,27.7
01/02/2018,15:00,51.8,30.2
01/02/2018,16:00,56.1,34.5
01/02/2018,17:00,61.1,40.9
01/02/2018,18:00,64.6,44.8
01/02/2018,19:00,62.9,45.2
01/02/2018,20:00,59.6,43.9
01/02/2018,21:00,55,40.5
01/02/2018,22:00,52.1,37.9
01/02/2018,23:00,48.3,35.2
01/03/2018,00:00,42.3,33.1
01/03/2018,01:00,35.9,29.6
01/03/2018,02:00,31.9,25.1
01/03/2018,03:00,31.1,23.4
01/03/2018,04:00,34,24.5
01/03/2018,05:00,43.1,30.3
01/03/2018,06:00,55.7,38.1
01/03/2018,07:00,60.9,41.7
01/03/2018,08:00,59.6,40.3
01/03/2018,09:00,57.3,36.4
01/03/2018,10:00,54.3,32.4
01/03/2018,11:00,51.8,29.6
01/03/2018,12:00,51,28.4
01/03/2018,13:00,50.8,28.4
01/03/2018,14:00,50.5,28.8
01/03/2018,15:00,52.1,30.5
01/03/2018,16:00,55.4,33.3
01/03/2018,17:00,58.8,37.8
01/03/2018,18:00,63.9,43.4
01/03/2018,19:00,64.7,46.8
01/03/2018,20:00,60.8,45.2
01/03/2018,21:00,57.4,43
01/03/2018,22:00,53.6,39.4
01/03/2018,23:00,48.7,35.7
01/04/2018,00:00,34,25.2
01/04/2018,01:00,29.4,22.8
01/04/2018,02:00,28.6,21.3
01/04/2018,03:00,30,21.4
01/04/2018,04:00,37,24.9
01/04/2018,05:00,49.3,31.2
01/04/2018,06:00,56.7,35.7
01/04/2018,07:00,55.1,35.2
01/04/2018,08:00,53.1,32.4
01/04/2018,09:00,51.6,29.6
01/04/2018,10:00,50.3,26.8
01/04/2018,11:00,48.7,24.9
01/04/2018,12:00,47.5,24.1
01/04/2018,13:00,47.4,24
01/04/2018,14:00,49.1,24.9
01/04/2018,15:00,49,25.9
01/04/2018,16:00,50.9,27.4
01/04/2018,17:00,53.7,29.9
01/04/2018,18:00,54.4,33.4
01/04/2018,19:00,53.8,35.6
01/04/2018,20:00,52.4,35.4
01/04/2018,21:00,50.4,34.7
01/04/2018,22:00,47.5,32.7
01/04/2018,23:00,42.6,29.3
01/05/2018,00:00,42.5,31.8
01/05/2018,01:00,35.9,27.9
01/05/2018,02:00,33.6,24.7
01/05/2018,03:00,34.6,24.7
01/05/2018,04:00,41,26.9
01/05/2018,05:00,51.3,31.1
01/05/2018,06:00,57.7,33.8
01/05/2018,07:00,57.3,33.5
01/05/2018,08:00,55.9,30.9
01/05/2018,09:00,51.8,27
01/05/2018,10:00,50,23.4
01/05/2018,11:00,49.1,21.8
01/05/2018,12:00,49.5,21.7
01/05/2018,13:00,49.4,21.5
01/05/2018,14:00,50.6,21.9
01/05/2018,15:00,50.4,22.3
01/05/2018,16:00,51.1,23.1
01/05/2018,17:00,52.3,25.1
01/05/2018,18:00,53,29.1
01/05/2018,19:00,53.4,32.9
01/05/2018,20:00,53.9,35.1
01/05/2018,21:00,55.6,37.4
01/05/2018,22:00,53.9,36.7
01/05/2018,23:00,49.6,34.3
01/06/2018,00:00,29.4,19.7
01/06/2018,01:00,25.5,18
01/06/2018,02:00,24.3,16.7
01/06/2018,03:00,25,16.6
01/06/2018,04:00,29.8,17.7
01/06/2018,05:00,38.6,20.2
01/06/2018,06:00,43.7,22.7
01/06/2018,07:00,44.6,23
01/06/2018,08:00,44.7,22
01/06/2018,09:00,43,19.8
01/06/2018,10:00,42,18.1
01/06/2018,11:00,42.4,17.5
01/06/2018,12:00,43.4,16.8
01/06/2018,13:00,44.1,17
01/06/2018,14:00,45.1,17.4
01/06/2018,15:00,45.5,18.1
01/06/2018,16:00,45.5,18.7
01/06/2018,17:00,45.9,20.1
01/06/2018,18:00,43.6,21.3
01/06/2018,19:00,41.7,23.1
01/06/2018,20:00,41.9,24.9
01/06/2018,21:00,41.6,25.6
01/06/2018,22:00,39.5,24.4
01/06/2018,23:00,35,21.8
01/07/2018,00:00,35.9,24.6
01/07/2018,01:00,31.9,23.2
01/07/2018,02:00,30.3,21.8
01/07/2018,03:00,31.6,22.5
01/07/2018,04:00,37.3,25
01/07/2018,05:00,45.2,28.3
01/07/2018,06:00,49.7,30.1
01/07/2018,07:00,51.1,29.6
01/07/2018,08:00,50.7,27.3
01/07/2018,09:00,49.3,24
01/07/2018,10:00,49.6,21.2
01/07/2018,11:00,50.2,19.6
01/07/2018,12:00,50.5,18.2
01/07/2018,13:00,50.6,18.4
01/07/2018,14:00,51.1,18.2
01/07/2018,15:00,51.2,18.3
01/07/2018,16:00,51.3,19.1
01/07/2018,17:00,51.3,20.2
01/07/2018,18:00,49.1,21.4
01/07/2018,19:00,46.2,22.7
01/07/2018,20:00,45.7,25.5
01/07/2018,21:00,46.2,27
01/07/2018,22:00,44.6,26.9
01/07/2018,23:00,41.5,26.1
01/08/2018,00:00,31,21.1
01/08/2018,01:00,27.2,19.7
01/08/2018,02:00,25.4,17.9
01/08/2018,03:00,25.9,17.9
01/08/2018,04:00,31,19.5
01/08/2018,05:00,39.1,23
01/08/2018,06:00,42.9,25
01/08/2018,07:00,42.2,23.9
01/08/2018,08:00,40.9,21.6
01/08/2018,09:00,39.8,18.9
01/08/2018,10:00,40.1,17.8
01/08/2018,11:00,40.5,16.7
01/08/2018,12:00,40.6,15.7
01/08/2018,13:00,41.2,15.9
01/08/2018,14:00,42.5,16.2
01/08/2018,15:00,43.5,16.7
01/08/2018,16:00,44.6,17.5
01/08/2018,17:00,45.8,19.2
01/08/2018,18:00,44.3,21.2
01/08/2018,19:00,43.9,24.3
01/08/2018,20:00,43.2,26.4
01/08/2018,21:00,42.3,26.1
01/08/2018,22:00,40.3,25.5
01/08/2018,23:00,37,24
01/09/2018,00:00,36.8,27.2
01/09/2018,01:00,32.5,25
01/09/2018,02:00,29.8,22.6
01/09/2018,03:00,28.8,21.4
01/09/2018,04:00,33.1,22.8
01/09/2018,05:00,42.3,26.9
01/09/2018,06:00,50.1,31.2
01/09/2018,07:00,51.3,32.9
01/09/2018,08:00,49.9,31.2
01/09/2018,09:00,46.5,25.9
01/09/2018,10:00,42.1,20.6
01/09/2018,11:00,41.2,18.2
01/09/2018,12:00,41.8,17.3
01/09/2018,13:00,41.9,17
01/09/2018,14:00,42.6,17.4
01/09/2018,15:00,44.2,18.4
01/09/2018,16:00,47,20.6
01/09/2018,17:00,51.5,25.3
01/09/2018,18:00,55.7,32.9
01/09/2018,19:00,55,35.9
01/09/2018,20:00,51.8,35.4
01/09/2018,21:00,49.8,34.6
01/09/2018,22:00,46.4,31.9
01/09/2018,23:00,41.6,29.2
01/10/2018,00:00,34.3,25.8
01/10/2018,01:00,29.7,23.1
01/10/2018,02:00,27.5,20.7
01/10/2018,03:00,27.5,20.4
01/10/2018,04:00,32.6,22.6
01/10/2018,05:00,43.3,28.4
01/10/2018,06:00,53,34.9
01/10/2018,07:00,55.7,37.8
01/10/2018,08:00,54.6,36.2
01/10/2018,09:00,50.8,31.7
01/10/2018,10:00,47.3,27.3
01/10/2018,11:00,45.7,23.8
01/10/2018,12:00,44.7,22.2
01/10/2018,13:00,45.5,22.3
01/10/2018,14:00,47.1,23.2
01/10/2018,15:00,49.7,25.8
01/10/2018,16:00,54.7,31.1
01/10/2018,17:00,61.2,39
01/10/2018,18:00,63.1,42.7
01/10/2018,19:00,59.3,41.5
01/10/2018,20:00,53.9,38.6
01/10/2018,21:00,50.2,36
01/10/2018,22:00,46,32.7
01/10/2018,23:00,41.2,29.4
